Workbook

Sheet Maintenance PSURs
A1: MDR Certificate | B1: TD | C1: PSUR/PMSR ID | D1: Product Name | E1: Class | F1: Type | G1: Start Period | H1: End Period | I1: Frequency | J1: Due Date | K1: Status | L1: Writer | M1: Combined PSUR | N1: Notes | O1: Days Remaining | P1: Priority | Q1: Quarter | R1: Completion % | S1: Overdue?
A2: TBD | B2: TD002 | C2: PMS002R | D2: Leisegang Coloscopes | E2: I | F2: Medical Device | G2: 2021-01-01 | H2: 2025-12-31 | I2: 3 years | J2: 46113 | K2: In progress | L2: Terence | M2: None | N2: none | O2: =IF(K2="Completed","-",IF(ISNUMBER(J2),J2-TODAY(),"N/A")) -> -5 | P2: 🟠 URGENT | Q2: =IF(ISNUMBER(J2),"Q"&INT((MONTH(J2)-1)/3)+1&" "&YEAR(J2),"TBD") -> Q2 2026 | R2: =IF(K2="Completed",100,IF(K2="In progress",50,IF(K2="Assigned",25,IF(K2="Not Started",0,IF(K2="TBD",0,0))))) -> 50 | S2: =IF(AND(ISNUMBER(O2),O2<0,K2<>"Completed"),"⚠️ YES","No") -> ⚠️ YES
A3: TBD | B3: TD003 | C3: PMS003R | D3: Ally Uterine Positioning System | E3: I | F3: Medical Device | G3: 2023-01-01 | H3: 2025-12-31 | I3: 3 years | J3: 2026-01-15 | K3: In Review | L3: Terence | M3: None | N3: Determining the denominator | O3: =IF(K3="Completed","-",IF(ISNUMBER(J3),J3-TODAY(),"N/A")) -> N/A | P3: ⚪ TBD | Q3: =IF(ISNUMBER(J3),"Q"&INT((MONTH(J3)-1)/3)+1&" "&YEAR(J3),"TBD") -> TBD | R3: =IF(K3="Completed",100,IF(K3="In progress",50,IF(K3="Assigned",25,IF(K3="Not Started",0,IF(K3="TBD",0,0))))) -> 0 | S3: =IF(AND(ISNUMBER(O3),O3<0,K3<>"Completed"),"⚠️ YES","No") -> No
A4: TBD | B4: TBD | C4: PSUR007 | D4: LoneStar Retractor Kit | E4: IIa | F4: Medical Device | G4: 44927 | H4: 45657 | I4: 2 years | J4: 46073 | K4: In progress | L4: TBD | M4: None | O4: =IF(K4="Completed","-",IF(ISNUMBER(J4),J4-TODAY(),"N/A")) -> -45 | P4: 🔴 OVERDUE | Q4: =IF(ISNUMBER(J4),"Q"&INT((MONTH(J4)-1)/3)+1&" "&YEAR(J4),"TBD") -> Q1 2026 | R4: =IF(K4="Completed",100,IF(K4="In progress",50,IF(K4="Assigned",25,IF(K4="Not Started",0,IF(K4="TBD",0,0))))) -> 50 | S4: =IF(AND(ISNUMBER(O4),O4<0,K4<>"Completed"),"⚠️ YES","No") -> ⚠️ YES
A5: TBD | B5: TD007 | C5: PMS007R | D5: Retractors | E5: Is | F5: Medical Device | G5: TBD | H5: TBD | K5: Not Started | L5: TBD | M5: Combine with PSUR007 | O5: =IF(K5="Completed","-",IF(ISNUMBER(J5),J5-TODAY(),"N/A")) -> N/A | P5: ⚪ TBD | Q5: =IF(ISNUMBER(J5),"Q"&INT((MONTH(J5)-1)/3)+1&" "&YEAR(J5),"TBD") -> TBD | R5: =IF(K5="Completed",100,IF(K5="In progress",50,IF(K5="Assigned",25,IF(K5="Not Started",0,IF(K5="TBD",0,0))))) -> 0 | S5: =IF(AND(ISNUMBER(O5),O5<0,K5<>"Completed"),"⚠️ YES","No") -> No
A6: TBD | B6: TD008 | C6: PMS008R | D6: Endosee Hysteroscopy Product Family | E6: I | F6: Medical Device | G6: 2021-01-28 | H6: 2025-05-30 | I6: 3 years | J6: 2026-03-01 | K6: Completed | L6: Terence | M6: None | O6: =IF(K6="Completed","-",IF(ISNUMBER(J6),J6-TODAY(),"N/A")) -> - | P6: ✅ DONE | Q6: =IF(ISNUMBER(J6),"Q"&INT((MONTH(J6)-1)/3)+1&" "&YEAR(J6),"TBD") -> TBD | R6: =IF(K6="Completed",100,IF(K6="In progress",50,IF(K6="Assigned",25,IF(K6="Not Started",0,IF(K6="TBD",0,0))))) -> 100 | S6: =IF(AND(ISNUMBER(O6),O6<0,K6<>"Completed"),"⚠️ YES","No") -> No
A7: TBD | B7: TD009 | C7: PMS009R | D7: Comfit Trake - Nofit, NEO-prep | E7: I | F7: Medical Device | G7: 43952 | H7: 46022 | I7: 3 years | K7: In Review | L7: Terence | O7: =IF(K7="Completed","-",IF(ISNUMBER(J7),J7-TODAY(),"N/A")) -> N/A | P7: ⚪ TBD | Q7: =IF(ISNUMBER(J7),"Q"&INT((MONTH(J7)-1)/3)+1&" "&YEAR(J7),"TBD") -> TBD | R7: =IF(K7="Completed",100,IF(K7="In progress",50,IF(K7="Assigned",25,IF(K7="Not Started",0,IF(K7="TBD",0,0))))) -> 0 | S7: =IF(AND(ISNUMBER(O7),O7<0,K7<>"Completed"),"⚠️ YES","No") -> No
A8: TBD | B8: TD062 | C8: PMS062R | D8: Endometrial_Suction_Curette | E8: I | F8: TBD | I8: TBD | J8: Immediate | K8: Not Started | L8: TBD | M8: None | N8: No available documents released in MC | O8: =IF(K8="Completed","-",IF(ISNUMBER(J8),J8-TODAY(),"N/A")) -> N/A | P8: ⚪ TBD | Q8: =IF(ISNUMBER(J8),"Q"&INT((MONTH(J8)-1)/3)+1&" "&YEAR(J8),"TBD") -> TBD | R8: =IF(K8="Completed",100,IF(K8="In progress",50,IF(K8="Assigned",25,IF(K8="Not Started",0,IF(K8="TBD",0,0))))) -> 0 | S8: =IF(AND(ISNUMBER(O8),O8<0,K8<>"Completed"),"⚠️ YES","No") -> No
A9: TBD | B9: TD123 | C9: PMS123R | D9: K-Systems Flex Short-term Incubator Module | E9: I | F9: Fertility | G9: 44561 | H9: 46751 | I9: 3 years | K9: Not Started | L9: TBD | M9: None | N9: Terence will be conforming | O9: =IF(K9="Completed","-",IF(ISNUMBER(J9),J9-TODAY(),"N/A")) -> N/A | P9: ⚪ TBD | Q9: =IF(ISNUMBER(J9),"Q"&INT((MONTH(J9)-1)/3)+1&" "&YEAR(J9),"TBD") -> TBD | R9: =IF(K9="Completed",100,IF(K9="In progress",50,IF(K9="Assigned",25,IF(K9="Not Started",0,IF(K9="TBD",0,0))))) -> 0 | S9: =IF(AND(ISNUMBER(O9),O9<0,K9<>"Completed"),"⚠️ YES","No") -> No
A10: TBD | B10: TD124 | C10: PMS124R | D10: Embryo Biopsy Kit | E10: I | F10: Medical Device | G10: 44561 | H10: 46751 | I10: 3 years | K10: Not Started | L10: TBD | M10: None | N10: Terence will be conforming | O10: =IF(K10="Completed","-",IF(ISNUMBER(J10),J10-TODAY(),"N/A")) -> N/A | P10: ⚪ TBD | Q10: =IF(ISNUMBER(J10),"Q"&INT((MONTH(J10)-1)/3)+1&" "&YEAR(J10),"TBD") -> TBD | R10: =IF(K10="Completed",100,IF(K10="In progress",50,IF(K10="Assigned",25,IF(K10="Not Started",0,IF(K10="TBD",0,0))))) -> 0 | S10: =IF(AND(ISNUMBER(O10),O10<0,K10<>"Completed"),"⚠️ YES","No") -> No
A11: TBD | B11: TD125 | C11: PMS125R | D11: Endometrial Biopsy Kit | E11: I | F11: Medical Device | G11: 44926 | H11: 47117 | I11: 3 years | K11: Not Started | L11: TBD | M11: None | N11: Terence will be conforming | O11: =IF(K11="Completed","-",IF(ISNUMBER(J11),J11-TODAY(),"N/A")) -> N/A | P11: ⚪ TBD | Q11: =IF(ISNUMBER(J11),"Q"&INT((MONTH(J11)-1)/3)+1&" "&YEAR(J11),"TBD") -> TBD | R11: =IF(K11="Completed",100,IF(K11="In progress",50,IF(K11="Assigned",25,IF(K11="Not Started",0,IF(K11="TBD",0,0))))) -> 0 | S11: =IF(AND(ISNUMBER(O11),O11<0,K11<>"Completed"),"⚠️ YES","No") -> No
A12: TBD | B12: TD017 | C12: PMSR017 | D12: EZ-Grip & Comfort Rest | E12: I | F12: Fertility | G12: 2021-01-01 | H12: 2026-01-14 | I12: 3 years | J12: 2026-01-23 | K12: In Review | L12: Terence | M12: None | N12: Need to check with Terence | O12: =IF(K12="Completed","-",IF(ISNUMBER(J12),J12-TODAY(),"N/A")) -> N/A | P12: ⚪ TBD | Q12: =IF(ISNUMBER(J12),"Q"&INT((MONTH(J12)-1)/3)+1&" "&YEAR(J12),"TBD") -> TBD | R12: =IF(K12="Completed",100,IF(K12="In progress",50,IF(K12="Assigned",25,IF(K12="Not Started",0,IF(K12="TBD",0,0))))) -> 0 | S12: =IF(AND(ISNUMBER(O12),O12<0,K12<>"Completed"),"⚠️ YES","No") -> No
A13: TBD | B13: TD018 | C13: PSUR018 | D13: LEEP ELECTRODES | E13: IIb | F13: Medical Device | G13: 45809 | H13: 46173 | I13: 1 year | J13: 46290 | K13: Not Started | L13: TBD | M13: None | O13: =IF(K13="Completed","-",IF(ISNUMBER(J13),J13-TODAY(),"N/A")) -> 172 | P13: 🟢 ON TRACK | Q13: =IF(ISNUMBER(J13),"Q"&INT((MONTH(J13)-1)/3)+1&" "&YEAR(J13),"TBD") -> Q3 2026 | R13: =IF(K13="Completed",100,IF(K13="In progress",50,IF(K13="Assigned",25,IF(K13="Not Started",0,IF(K13="TBD",0,0))))) -> 0 | S13: =IF(AND(ISNUMBER(O13),O13<0,K13<>"Completed"),"⚠️ YES","No") -> No
A14: TBD | B14: TD039 | C14: PSUR039 | D14: Acidified Tyrodes Solution (1060) | E14: III | F14: Media | G14: 45474 | H14: 45838 | I14: 1 year | J14: 46112 | K14: In progress | L14: Harish | M14: None | N14: none | O14: =IF(K14="Completed","-",IF(ISNUMBER(J14),J14-TODAY(),"N/A")) -> -6 | P14: 🟠 URGENT | Q14: =IF(ISNUMBER(J14),"Q"&INT((MONTH(J14)-1)/3)+1&" "&YEAR(J14),"TBD") -> Q1 2026 | R14: =IF(K14="Completed",100,IF(K14="In progress",50,IF(K14="Assigned",25,IF(K14="Not Started",0,IF(K14="TBD",0,0))))) -> 50 | S14: =IF(AND(ISNUMBER(O14),O14<0,K14<>"Completed"),"⚠️ YES","No") -> ⚠️ YES
A15: MDR 768070 | B15: TD041 | C15: PSUR041 | D15: Liquid Paraffin - CHANGE CURRENT REV C TO B AND B TO A | E15: IIa | F15: Media | G15: 45292 | H15: 46022 | I15: 2 years | J15: 46157 | K15: Not Started | L15: Jeff | M15: Combine in PSUR041 | N15: PSUR041, PSUR205, PSUR301, PSUR302 and PSUR303 are combined in PSUR041 | O15: =IF(K15="Completed","-",IF(ISNUMBER(J15),J15-TODAY(),"N/A")) -> 39 | P15: 🟡 SOON | Q15: =IF(ISNUMBER(J15),"Q"&INT((MONTH(J15)-1)/3)+1&" "&YEAR(J15),"TBD") -> Q2 2026 | R15: =IF(K15="Completed",100,IF(K15="In progress",50,IF(K15="Assigned",25,IF(K15="Not Started",0,IF(K15="TBD",0,0))))) -> 0 | S15: =IF(AND(ISNUMBER(O15),O15<0,K15<>"Completed"),"⚠️ YES","No") -> No
A16: MDR 768070 | B16: TD044 | C16: PSUR044 | D16: VitriFit™ | E16: IIa | F16: Media | G16: 45292 | H16: 46022 | I16: 2 years | J16: 46150 | K16: Not Started | L16: Jeff | M16: None | N16: none | O16: =IF(K16="Completed","-",IF(ISNUMBER(J16),J16-TODAY(),"N/A")) -> 32 | P16: 🟡 SOON | Q16: =IF(ISNUMBER(J16),"Q"&INT((MONTH(J16)-1)/3)+1&" "&YEAR(J16),"TBD") -> Q2 2026 | R16: =IF(K16="Completed",100,IF(K16="In progress",50,IF(K16="Assigned",25,IF(K16="Not Started",0,IF(K16="TBD",0,0))))) -> 0 | S16: =IF(AND(ISNUMBER(O16),O16<0,K16<>"Completed"),"⚠️ YES","No") -> No
A17: TBD | B17: TD049 | C17: PSUR049 | D17: Saturn 5 Laser System | E17: IIb | F17: Fertility | G17: 45292 | H17: 46022 | I17: 1 year | J17: 46094 | K17: Not Started | L17: Venkata | M17: None | N17: CER deadline 02 March 2026 | O17: =IF(K17="Completed","-",IF(ISNUMBER(J17),J17-TODAY(),"N/A")) -> -24 | P17: 🔴 OVERDUE | Q17: =IF(ISNUMBER(J17),"Q"&INT((MONTH(J17)-1)/3)+1&" "&YEAR(J17),"TBD") -> Q1 2026 | R17: =IF(K17="Completed",100,IF(K17="In progress",50,IF(K17="Assigned",25,IF(K17="Not Started",0,IF(K17="TBD",0,0))))) -> 0 | S17: =IF(AND(ISNUMBER(O17),O17<0,K17<>"Completed"),"⚠️ YES","No") -> ⚠️ YES
A18: TBD | B18: TD050 | C18: PSUR050 | D18: RI Witness EHP | E18: IIa | F18: Fertility | G18: 44621 | H18: 45808 | I18: 2 years | J18: 46080 | K18: In Review | L18: Jeff | M18: None | N18: In draft, need to release 3-6-26 Awaiting Sales/complaint data, updating to new template | O18: =IF(K18="Completed","-",IF(ISNUMBER(J18),J18-TODAY(),"N/A")) -> -38 | P18: 🔴 OVERDUE | Q18: =IF(ISNUMBER(J18),"Q"&INT((MONTH(J18)-1)/3)+1&" "&YEAR(J18),"TBD") -> Q1 2026 | R18: =IF(K18="Completed",100,IF(K18="In progress",50,IF(K18="Assigned",25,IF(K18="Not Started",0,IF(K18="TBD",0,0))))) -> 0 | S18: =IF(AND(ISNUMBER(O18),O18<0,K18<>"Completed"),"⚠️ YES","No") -> ⚠️ YES
A19: TBD | B19: TD070 | C19: PSUR070 | D19: Medical Heatpacks | E19: IIa | F19: Medical Device | G19: 45108 | H19: 45838 | I19: 2 years | J19: 46080 | K19: In progress | L19: Venkata | M19: None | N19: none | O19: =IF(K19="Completed","-",IF(ISNUMBER(J19),J19-TODAY(),"N/A")) -> -38 | P19: 🔴 OVERDUE | Q19: =IF(ISNUMBER(J19),"Q"&INT((MONTH(J19)-1)/3)+1&" "&YEAR(J19),"TBD") -> Q1 2026 | R19: =IF(K19="Completed",100,IF(K19="In progress",50,IF(K19="Assigned",25,IF(K19="Not Started",0,IF(K19="TBD",0,0))))) -> 50 | S19: =IF(AND(ISNUMBER(O19),O19<0,K19<>"Completed"),"⚠️ YES","No") -> ⚠️ YES
A20: MDR 768179 | B20: TD047 | C20: PSUR047 | D20: SynVitro® Hyadase | E20: III | F20: Media | G20: 45839 | H20: 46203 | I20: 1 year | J20: 46233 | K20: Not Started | L20: TBD | M20: None | N20: none | O20: =IF(K20="Completed","-",IF(ISNUMBER(J20),J20-TODAY(),"N/A")) -> 115 | P20: 🟢 ON TRACK | Q20: =IF(ISNUMBER(J20),"Q"&INT((MONTH(J20)-1)/3)+1&" "&YEAR(J20),"TBD") -> Q3 2026 | R20: =IF(K20="Completed",100,IF(K20="In progress",50,IF(K20="Assigned",25,IF(K20="Not Started",0,IF(K20="TBD",0,0))))) -> 0 | S20: =IF(AND(ISNUMBER(O20),O20<0,K20<>"Completed"),"⚠️ YES","No") -> No
A21: TBD | B21: TD048 | C21: PSUR048 | D21: Integra 3 Micromanipulator | E21: IIa | F21: Fertility | G21: 45474 | H21: 46203 | I21: 2 years | J21: 46233 | K21: Not Started | L21: TBD | M21: None | O21: =IF(K21="Completed","-",IF(ISNUMBER(J21),J21-TODAY(),"N/A")) -> 115 | P21: 🟢 ON TRACK | Q21: =IF(ISNUMBER(J21),"Q"&INT((MONTH(J21)-1)/3)+1&" "&YEAR(J21),"TBD") -> Q3 2026 | R21: =IF(K21="Completed",100,IF(K21="In progress",50,IF(K21="Assigned",25,IF(K21="Not Started",0,IF(K21="TBD",0,0))))) -> 0 | S21: =IF(AND(ISNUMBER(O21),O21<0,K21<>"Completed"),"⚠️ YES","No") -> No
A22: TBD | B22: TD071 | C22: PSUR071 | D22: Mobius Elastic Retractors | E22: IIa | F22: TBD | G22: 45047 | H22: 45777 | I22: 2 years | J22: 46094 | K22: In progress | L22: Jeff | M22: None | N22: Sales data request issued 3-24-26 | O22: =IF(K22="Completed","-",IF(ISNUMBER(J22),J22-TODAY(),"N/A")) -> -24 | P22: 🔴 OVERDUE | Q22: =IF(ISNUMBER(J22),"Q"&INT((MONTH(J22)-1)/3)+1&" "&YEAR(J22),"TBD") -> Q1 2026 | R22: =IF(K22="Completed",100,IF(K22="In progress",50,IF(K22="Assigned",25,IF(K22="Not Started",0,IF(K22="TBD",0,0))))) -> 50 | S22: =IF(AND(ISNUMBER(O22),O22<0,K22<>"Completed"),"⚠️ YES","No") -> ⚠️ YES
A23: TBD | B23: TD051 | C23: PSUR051 | D23: EZ-Range Pipettes | E23: IIb | F23: Fertility | G23: 45352 | H23: 46081 | I23: 1 year | J23: 46164 | K23: Not Started | L23: Venkata | M23: None | N23: none | O23: =IF(K23="Completed","-",IF(ISNUMBER(J23),J23-TODAY(),"N/A")) -> 46 | P23: 🟡 SOON | Q23: =IF(ISNUMBER(J23),"Q"&INT((MONTH(J23)-1)/3)+1&" "&YEAR(J23),"TBD") -> Q2 2026 | R23: =IF(K23="Completed",100,IF(K23="In progress",50,IF(K23="Assigned",25,IF(K23="Not Started",0,IF(K23="TBD",0,0))))) -> 0 | S23: =IF(AND(ISNUMBER(O23),O23<0,K23<>"Completed"),"⚠️ YES","No") -> No
A24: TBD | B24: TD077 | C24: PSUR077 | D24: Wallace Oocyte Recovery/Collection Sets | E24: IIa | F24: Medical Device | G24: 44652 | H24: 45747 | I24: 2 years | J24: 46073 | K24: In progress | L24: Venkata | M24: None | N24: Routing in MC | O24: =IF(K24="Completed","-",IF(ISNUMBER(J24),J24-TODAY(),"N/A")) -> -45 | P24: 🔴 OVERDUE | Q24: =IF(ISNUMBER(J24),"Q"&INT((MONTH(J24)-1)/3)+1&" "&YEAR(J24),"TBD") -> Q1 2026 | R24: =IF(K24="Completed",100,IF(K24="In progress",50,IF(K24="Assigned",25,IF(K24="Not Started",0,IF(K24="TBD",0,0))))) -> 50 | S24: =IF(AND(ISNUMBER(O24),O24<0,K24<>"Completed"),"⚠️ YES","No") -> ⚠️ YES
A25: TBD | B25: TD058 | C25: PSUR058 | D25: Apple-Hunt Trocars | E25: IIa | F25: TBD | G25: 45383 | H25: 46112 | I25: 2 years | J25: 46186 | K25: Not Started | L25: Jeff | M25: None | N25: none | O25: =IF(K25="Completed","-",IF(ISNUMBER(J25),J25-TODAY(),"N/A")) -> 68 | P25: 🟢 ON TRACK | Q25: =IF(ISNUMBER(J25),"Q"&INT((MONTH(J25)-1)/3)+1&" "&YEAR(J25),"TBD") -> Q2 2026 | R25: =IF(K25="Completed",100,IF(K25="In progress",50,IF(K25="Assigned",25,IF(K25="Not Started",0,IF(K25="TBD",0,0))))) -> 0 | S25: =IF(AND(ISNUMBER(O25),O25<0,K25<>"Completed"),"⚠️ YES","No") -> No
A26: TBD | B26: TD060 | C26: PSUR060 | D26: Carter-Thomason Port Closure Products | E26: IIa | F26: TBD | G26: 45505 | H26: 46234 | I26: 2 years | J26: 46262 | K26: Not Started | L26: TBD | M26: None | N26: none | O26: =IF(K26="Completed","-",IF(ISNUMBER(J26),J26-TODAY(),"N/A")) -> 144 | P26: 🟢 ON TRACK | Q26: =IF(ISNUMBER(J26),"Q"&INT((MONTH(J26)-1)/3)+1&" "&YEAR(J26),"TBD") -> Q3 2026 | R26: =IF(K26="Completed",100,IF(K26="In progress",50,IF(K26="Assigned",25,IF(K26="Not Started",0,IF(K26="TBD",0,0))))) -> 0 | S26: =IF(AND(ISNUMBER(O26),O26<0,K26<>"Completed"),"⚠️ YES","No") -> No
A27: TBD | B27: TD081 | C27: PSUR081 | D27: Fischer cone Biopsy Electrodes | E27: IIb | F27: Medical Device | G27: 45474 | H27: 45838 | I27: 1 year | J27: 46087 | K27: In progress | L27: Terence | M27: None | N27: none | O27: =IF(K27="Completed","-",IF(ISNUMBER(J27),J27-TODAY(),"N/A")) -> -31 | P27: 🔴 OVERDUE | Q27: =IF(ISNUMBER(J27),"Q"&INT((MONTH(J27)-1)/3)+1&" "&YEAR(J27),"TBD") -> Q1 2026 | R27: =IF(K27="Completed",100,IF(K27="In progress",50,IF(K27="Assigned",25,IF(K27="Not Started",0,IF(K27="TBD",0,0))))) -> 50 | S27: =IF(AND(ISNUMBER(O27),O27<0,K27<>"Completed"),"⚠️ YES","No") -> ⚠️ YES
A28: TBD | B28: TD087 | C28: PSUR087 | D28: LifeGlobal Dishes GPS® Dishware | E28: IIa | F28: Media | G28: 45444 | H28: 46173 | I28: 2 years | J28: 46199 | K28: Not Started | L28: Jeff | M28: None | N28: none | O28: =IF(K28="Completed","-",IF(ISNUMBER(J28),J28-TODAY(),"N/A")) -> 81 | P28: 🟢 ON TRACK | Q28: =IF(ISNUMBER(J28),"Q"&INT((MONTH(J28)-1)/3)+1&" "&YEAR(J28),"TBD") -> Q2 2026 | R28: =IF(K28="Completed",100,IF(K28="In progress",50,IF(K28="Assigned",25,IF(K28="Not Started",0,IF(K28="TBD",0,0))))) -> 0 | S28: =IF(AND(ISNUMBER(O28),O28<0,K28<>"Completed"),"⚠️ YES","No") -> No
A29: TBD | B29: TD069 | C29: PSUR069 | D29: Lone Star Elastic Stays | E29: IIa | F29: Fertility | G29: 45383 | H29: 46112 | I29: 2 years | J29: 46179 | K29: Not Started | L29: Venkata | M29: None | N29: none | O29: =IF(K29="Completed","-",IF(ISNUMBER(J29),J29-TODAY(),"N/A")) -> 61 | P29: 🟢 ON TRACK | Q29: =IF(ISNUMBER(J29),"Q"&INT((MONTH(J29)-1)/3)+1&" "&YEAR(J29),"TBD") -> Q2 2026 | R29: =IF(K29="Completed",100,IF(K29="In progress",50,IF(K29="Assigned",25,IF(K29="Not Started",0,IF(K29="TBD",0,0))))) -> 0 | S29: =IF(AND(ISNUMBER(O29),O29<0,K29<>"Completed"),"⚠️ YES","No") -> No
A30: TBD | B30: TD082 | C30: PSUR082 | D30: Pessary Product Family | E30: IIb | F30: Medical Device | G30: 44652 | H30: 45991 | I30: 1 year | J30: 46076 | K30: Completed | L30: Venkata | M30: None | N30: none | O30: =IF(K30="Completed","-",IF(ISNUMBER(J30),J30-TODAY(),"N/A")) -> - | P30: ✅ DONE | Q30: =IF(ISNUMBER(J30),"Q"&INT((MONTH(J30)-1)/3)+1&" "&YEAR(J30),"TBD") -> Q1 2026 | R30: =IF(K30="Completed",100,IF(K30="In progress",50,IF(K30="Assigned",25,IF(K30="Not Started",0,IF(K30="TBD",0,0))))) -> 100 | S30: =IF(AND(ISNUMBER(O30),O30<0,K30<>"Completed"),"⚠️ YES","No") -> No
A31: TBD | C31: PSUR068 | D31: Wallace Aspiration Pump | E31: I | F31: TBD | I31: TBD | J31: 04/30/2026 - Immediate | K31: Not Started | L31: Jeff | M31: None | N31: No available documents released in MC | O31: =IF(K31="Completed","-",IF(ISNUMBER(J31),J31-TODAY(),"N/A")) -> N/A | P31: ⚪ TBD | Q31: =IF(ISNUMBER(J31),"Q"&INT((MONTH(J31)-1)/3)+1&" "&YEAR(J31),"TBD") -> TBD | R31: =IF(K31="Completed",100,IF(K31="In progress",50,IF(K31="Assigned",25,IF(K31="Not Started",0,IF(K31="TBD",0,0))))) -> 0 | S31: =IF(AND(ISNUMBER(O31),O31<0,K31<>"Completed"),"⚠️ YES","No") -> No
A32: TBD | B32: TD073 | C32: PSUR073 | D32: IVF PASTEUR PIPETTES | E32: IIa | F32: Medical Device | G32: 45474 | H32: 46203 | I32: 2 years | J32: 46241 | K32: Not Started | L32: TBD | M32: None | N32: none | O32: =IF(K32="Completed","-",IF(ISNUMBER(J32),J32-TODAY(),"N/A")) -> 123 | P32: 🟢 ON TRACK | Q32: =IF(ISNUMBER(J32),"Q"&INT((MONTH(J32)-1)/3)+1&" "&YEAR(J32),"TBD") -> Q3 2026 | R32: =IF(K32="Completed",100,IF(K32="In progress",50,IF(K32="Assigned",25,IF(K32="Not Started",0,IF(K32="TBD",0,0))))) -> 0 | S32: =IF(AND(ISNUMBER(O32),O32<0,K32<>"Completed"),"⚠️ YES","No") -> No
A33: TBD | B33: TD083 | C33: PSUR083 | D33: LifeDop Dopplers and Probes | E33: IIa | F33: Medical Device | G33: 45139 | H33: 45869 | I33: 2 years | J33: 46108 | K33: In progress | L33: Jeff | M33: None | N33: none | O33: =IF(K33="Completed","-",IF(ISNUMBER(J33),J33-TODAY(),"N/A")) -> -10 | P33: 🔴 OVERDUE | Q33: =IF(ISNUMBER(J33),"Q"&INT((MONTH(J33)-1)/3)+1&" "&YEAR(J33),"TBD") -> Q1 2026 | R33: =IF(K33="Completed",100,IF(K33="In progress",50,IF(K33="Assigned",25,IF(K33="Not Started",0,IF(K33="TBD",0,0))))) -> 50 | S33: =IF(AND(ISNUMBER(O33),O33<0,K33<>"Completed"),"⚠️ YES","No") -> ⚠️ YES
A34: TBD | B34: TD007 | C34: PMS007R | D34: Adult-Neonatal_Care | E34: I | F34: Medical Device | I34: TBD | J34: 2026-01-03 | K34: Not Started | L34: Jeff | M34: None | N34: none | O34: =IF(K34="Completed","-",IF(ISNUMBER(J34),J34-TODAY(),"N/A")) -> N/A | P34: ⚪ TBD | Q34: =IF(ISNUMBER(J34),"Q"&INT((MONTH(J34)-1)/3)+1&" "&YEAR(J34),"TBD") -> TBD | R34: =IF(K34="Completed",100,IF(K34="In progress",50,IF(K34="Assigned",25,IF(K34="Not Started",0,IF(K34="TBD",0,0))))) -> 0 | S34: =IF(AND(ISNUMBER(O34),O34<0,K34<>"Completed"),"⚠️ YES","No") -> No
A35: TBD | B35: TD059 | C35: PSUR059 | D35: Assisted Reproduction Catheters | E35: I | F35: Medical Device | I35: 3 years | J35: 4/30/2026 - Immediate | K35: Not Started | L35: Jeff | M35: None | N35: No available documents released in MC | O35: =IF(K35="Completed","-",IF(ISNUMBER(J35),J35-TODAY(),"N/A")) -> N/A | P35: ⚪ TBD | Q35: =IF(ISNUMBER(J35),"Q"&INT((MONTH(J35)-1)/3)+1&" "&YEAR(J35),"TBD") -> TBD | R35: =IF(K35="Completed",100,IF(K35="In progress",50,IF(K35="Assigned",25,IF(K35="Not Started",0,IF(K35="TBD",0,0))))) -> 0 | S35: =IF(AND(ISNUMBER(O35),O35<0,K35<>"Completed"),"⚠️ YES","No") -> No
A36: TBD | B36: TD103 | C36: PSUR103 | D36: Micropipettes, Biopsy, ICISI_x000D__x000D__x000D_ Assisted Hatching (Mechanical and Chemical)_x000D__x000D__x000D_ Holding | E36: IIb | F36: Medical Device | G36: 44652 | H36: 46022 | I36: 1 year | J36: 2/20/2026 - Immediate | K36: Completed | L36: Terence | M36: None | N36: CER deadline 19 January 2026 | O36: =IF(K36="Completed","-",IF(ISNUMBER(J36),J36-TODAY(),"N/A")) -> - | P36: ✅ DONE | Q36: =IF(ISNUMBER(J36),"Q"&INT((MONTH(J36)-1)/3)+1&" "&YEAR(J36),"TBD") -> TBD | R36: =IF(K36="Completed",100,IF(K36="In progress",50,IF(K36="Assigned",25,IF(K36="Not Started",0,IF(K36="TBD",0,0))))) -> 100 | S36: =IF(AND(ISNUMBER(O36),O36<0,K36<>"Completed"),"⚠️ YES","No") -> No
A37: TBD | B37: TD129 | C37: PSUR129 | D37: Cook Doppler blood flow monitor products | E37: IIb | F37: Medical Device | G37: 45536 | H37: 45900 | I37: 1 year | J37: 46080 | K37: In Review | L37: Terence | M37: None | O37: =IF(K37="Completed","-",IF(ISNUMBER(J37),J37-TODAY(),"N/A")) -> -38 | P37: 🔴 OVERDUE | Q37: =IF(ISNUMBER(J37),"Q"&INT((MONTH(J37)-1)/3)+1&" "&YEAR(J37),"TBD") -> Q1 2026 | R37: =IF(K37="Completed",100,IF(K37="In progress",50,IF(K37="Assigned",25,IF(K37="Not Started",0,IF(K37="TBD",0,0))))) -> 0 | S37: =IF(AND(ISNUMBER(O37),O37<0,K37<>"Completed"),"⚠️ YES","No") -> ⚠️ YES
A38: TBD | B38: TD104 | C38: PSUR104 | D38: HBA Biocoat | E38: I | F38: TBD | I38: TBD | J38: 46101 | K38: In progress | L38: Terence | M38: None | N38: No available documents released in MC | O38: =IF(K38="Completed","-",IF(ISNUMBER(J38),J38-TODAY(),"N/A")) -> -17 | P38: 🔴 OVERDUE | Q38: =IF(ISNUMBER(J38),"Q"&INT((MONTH(J38)-1)/3)+1&" "&YEAR(J38),"TBD") -> Q1 2026 | R38: =IF(K38="Completed",100,IF(K38="In progress",50,IF(K38="Assigned",25,IF(K38="Not Started",0,IF(K38="TBD",0,0))))) -> 50 | S38: =IF(AND(ISNUMBER(O38),O38<0,K38<>"Completed"),"⚠️ YES","No") -> ⚠️ YES
A39: TBD | B39: TD105 | C39: PSUR105 | D39: Stripper Tips | E39: IIB | F39: Medical Device | G39: 45839 | H39: 46203 | I39: 1 year | J39: 46234 | K39: Not Started | L39: TBD | M39: None | O39: =IF(K39="Completed","-",IF(ISNUMBER(J39),J39-TODAY(),"N/A")) -> 116 | P39: 🟢 ON TRACK | Q39: =IF(ISNUMBER(J39),"Q"&INT((MONTH(J39)-1)/3)+1&" "&YEAR(J39),"TBD") -> Q3 2026 | R39: =IF(K39="Completed",100,IF(K39="In progress",50,IF(K39="Assigned",25,IF(K39="Not Started",0,IF(K39="TBD",0,0))))) -> 0 | S39: =IF(AND(ISNUMBER(O39),O39<0,K39<>"Completed"),"⚠️ YES","No") -> No
A40: TBD | B40: TD118 | C40: PSUR118 | D40: OBP AnoSpec Lighted Anoscopes | E40: I | F40: Medical Device | I40: 3 years | J40: 03/27/2026 - Immediate | K40: Not Started | L40: Terence | M40: None | N40: No documents available in MC | O40: =IF(K40="Completed","-",IF(ISNUMBER(J40),J40-TODAY(),"N/A")) -> N/A | P40: ⚪ TBD | Q40: =IF(ISNUMBER(J40),"Q"&INT((MONTH(J40)-1)/3)+1&" "&YEAR(J40),"TBD") -> TBD | R40: =IF(K40="Completed",100,IF(K40="In progress",50,IF(K40="Assigned",25,IF(K40="Not Started",0,IF(K40="TBD",0,0))))) -> 0 | S40: =IF(AND(ISNUMBER(O40),O40<0,K40<>"Completed"),"⚠️ YES","No") -> No
A41: TBD | B41: TD121 | C41: PSUR121 | D41: Disposable Vaginal Speculums | E41: I | F41: Medical Device | I41: 3 years | J41: 3/24/2026 - Immediate | K41: Not Started | L41: Venkata | M41: None | N41: none | O41: =IF(K41="Completed","-",IF(ISNUMBER(J41),J41-TODAY(),"N/A")) -> N/A | P41: ⚪ TBD | Q41: =IF(ISNUMBER(J41),"Q"&INT((MONTH(J41)-1)/3)+1&" "&YEAR(J41),"TBD") -> TBD | R41: =IF(K41="Completed",100,IF(K41="In progress",50,IF(K41="Assigned",25,IF(K41="Not Started",0,IF(K41="TBD",0,0))))) -> 0 | S41: =IF(AND(ISNUMBER(O41),O41<0,K41<>"Completed"),"⚠️ YES","No") -> No
A42: TBD | B42: TD016 | C42: PSUR016 | D42: PICSI® Sperm Selection Device | E42: III | F42: Fertility | G42: 45748 | H42: 46112 | I42: 1 year | J42: 46203 | K42: Not Started | L42: Harish | M42: None | N42: none | O42: =IF(K42="Completed","-",IF(ISNUMBER(J42),J42-TODAY(),"N/A")) -> 85 | P42: 🟢 ON TRACK | Q42: =IF(ISNUMBER(J42),"Q"&INT((MONTH(J42)-1)/3)+1&" "&YEAR(J42),"TBD") -> Q2 2026 | R42: =IF(K42="Completed",100,IF(K42="In progress",50,IF(K42="Assigned",25,IF(K42="Not Started",0,IF(K42="TBD",0,0))))) -> 0 | S42: =IF(AND(ISNUMBER(O42),O42<0,K42<>"Completed"),"⚠️ YES","No") -> No
A43: TBD | B43: TD130 | C43: PSUR130 | D43: TD130 Bakri Postpartum Balloon | E43: IIa | F43: Medical Device | G43: 45474 | H43: 46203 | I43: 2 years | J43: 46228 | K43: Not Started | L43: TBD | M43: None | O43: =IF(K43="Completed","-",IF(ISNUMBER(J43),J43-TODAY(),"N/A")) -> 110 | P43: 🟢 ON TRACK | Q43: =IF(ISNUMBER(J43),"Q"&INT((MONTH(J43)-1)/3)+1&" "&YEAR(J43),"TBD") -> Q3 2026 | R43: =IF(K43="Completed",100,IF(K43="In progress",50,IF(K43="Assigned",25,IF(K43="Not Started",0,IF(K43="TBD",0,0))))) -> 0 | S43: =IF(AND(ISNUMBER(O43),O43<0,K43<>"Completed"),"⚠️ YES","No") -> No
A44: TBD | B44: TD131 | C44: PSUR131 | D44: TD131_Cervical Ripening Balloon (CRB) Products | E44: IIa | F44: Medical Device | G44: 45536 | H44: 46265 | I44: 2 years | J44: 46332 | K44: Not Started | L44: TBD | M44: None | O44: =IF(K44="Completed","-",IF(ISNUMBER(J44),J44-TODAY(),"N/A")) -> 214 | P44: 🟢 ON TRACK | Q44: =IF(ISNUMBER(J44),"Q"&INT((MONTH(J44)-1)/3)+1&" "&YEAR(J44),"TBD") -> Q4 2026 | R44: =IF(K44="Completed",100,IF(K44="In progress",50,IF(K44="Assigned",25,IF(K44="Not Started",0,IF(K44="TBD",0,0))))) -> 0 | S44: =IF(AND(ISNUMBER(O44),O44<0,K44<>"Completed"),"⚠️ YES","No") -> No
A45: TBD | B45: TD144 | C45: PSUR144 | D45: ONETRAC & ONETRAC LX | E45: IIa | F45: TBD | I45: 2 years | J45: 2/27/2026 - Immediate | K45: In progress | L45: Terence | M45: None | N45: Per Jennifer tracking file need to reach out to Nancy Lynch | O45: =IF(K45="Completed","-",IF(ISNUMBER(J45),J45-TODAY(),"N/A")) -> N/A | P45: ⚪ TBD | Q45: =IF(ISNUMBER(J45),"Q"&INT((MONTH(J45)-1)/3)+1&" "&YEAR(J45),"TBD") -> TBD | R45: =IF(K45="Completed",100,IF(K45="In progress",50,IF(K45="Assigned",25,IF(K45="Not Started",0,IF(K45="TBD",0,0))))) -> 50 | S45: =IF(AND(ISNUMBER(O45),O45<0,K45<>"Completed"),"⚠️ YES","No") -> No
A46: TBD | B46: TD144 | C46: PSUR145 | D46: Unknown | E46: I | F46: TBD | I46: TBD | J46: 2/27/2026 - Immediate | K46: In progress | L46: Terence | M46: None | N46: Per Jennifer tracking file need to reach out to Nancy Lynch | O46: =IF(K46="Completed","-",IF(ISNUMBER(J46),J46-TODAY(),"N/A")) -> N/A | P46: ⚪ TBD | Q46: =IF(ISNUMBER(J46),"Q"&INT((MONTH(J46)-1)/3)+1&" "&YEAR(J46),"TBD") -> TBD | R46: =IF(K46="Completed",100,IF(K46="In progress",50,IF(K46="Assigned",25,IF(K46="Not Started",0,IF(K46="TBD",0,0))))) -> 50 | S46: =IF(AND(ISNUMBER(O46),O46<0,K46<>"Completed"),"⚠️ YES","No") -> No
A47: TBD | B47: TD147 | C47: PSUR147 | D47: Global Total and Global HP | E47: III | F47: Media(NON CE-MARKED) | G47: 45839 | H47: 46203 | I47: 1 year | J47: 46233 | K47: Not Started | L47: TBD | M47: None | O47: =IF(K47="Completed","-",IF(ISNUMBER(J47),J47-TODAY(),"N/A")) -> 115 | P47: 🟢 ON TRACK | Q47: =IF(ISNUMBER(J47),"Q"&INT((MONTH(J47)-1)/3)+1&" "&YEAR(J47),"TBD") -> Q3 2026 | R47: =IF(K47="Completed",100,IF(K47="In progress",50,IF(K47="Assigned",25,IF(K47="Not Started",0,IF(K47="TBD",0,0))))) -> 0 | S47: =IF(AND(ISNUMBER(O47),O47<0,K47<>"Completed"),"⚠️ YES","No") -> No
A48: TBD | B48: TD148 | C48: PSUR148 | D48: Global Total Fert | E48: III | F48: Media(NON CE-MARKED) | G48: 45839 | H48: 46203 | I48: 1 year | J48: 46255 | K48: Not Started | L48: TBD | M48: None | O48: =IF(K48="Completed","-",IF(ISNUMBER(J48),J48-TODAY(),"N/A")) -> 137 | P48: 🟢 ON TRACK | Q48: =IF(ISNUMBER(J48),"Q"&INT((MONTH(J48)-1)/3)+1&" "&YEAR(J48),"TBD") -> Q3 2026 | R48: =IF(K48="Completed",100,IF(K48="In progress",50,IF(K48="Assigned",25,IF(K48="Not Started",0,IF(K48="TBD",0,0))))) -> 0 | S48: =IF(AND(ISNUMBER(O48),O48<0,K48<>"Completed"),"⚠️ YES","No") -> No
A49: TBD | B49: TD149 | C49: PSUR149 | D49: Global Total™ with HEPES, 50mL, 100mL HTF w/ HEPES, 100 mL, 500 mL Washing mHTF with HEPES & Phenol Red, 100mL, 500mL | E49: III | F49: Media(NON CE-MARKED) | G49: 45839 | H49: 46203 | I49: 1 year | J49: 46262 | K49: Not Started | L49: TBD | M49: None | O49: =IF(K49="Completed","-",IF(ISNUMBER(J49),J49-TODAY(),"N/A")) -> 144 | P49: 🟢 ON TRACK | Q49: =IF(ISNUMBER(J49),"Q"&INT((MONTH(J49)-1)/3)+1&" "&YEAR(J49),"TBD") -> Q3 2026 | R49: =IF(K49="Completed",100,IF(K49="In progress",50,IF(K49="Assigned",25,IF(K49="Not Started",0,IF(K49="TBD",0,0))))) -> 0 | S49: =IF(AND(ISNUMBER(O49),O49<0,K49<>"Completed"),"⚠️ YES","No") -> No
A50: TBD | B50: TD150 | C50: PSUR150 | D50: LifeGlobal™ Protein Supplement, 20mL LifeGlobal™ Protein Supplement, 50mL LifeGlobal™ Protein Supplement, 6 x 5mL Quinn's Advantage™ SPS Serum Protein Substitute 100 ml Quinn's Advantage™ SPS Serum Protein Substitute Kit, 12 x 12mL | E50: III | F50: Media(NON CE-MARKED) | G50: 45839 | H50: 46203 | I50: 1 year | J50: 46283 | K50: Not Started | L50: TBD | M50: None | O50: =IF(K50="Completed","-",IF(ISNUMBER(J50),J50-TODAY(),"N/A")) -> 165 | P50: 🟢 ON TRACK | Q50: =IF(ISNUMBER(J50),"Q"&INT((MONTH(J50)-1)/3)+1&" "&YEAR(J50),"TBD") -> Q3 2026 | R50: =IF(K50="Completed",100,IF(K50="In progress",50,IF(K50="Assigned",25,IF(K50="Not Started",0,IF(K50="TBD",0,0))))) -> 0 | S50: =IF(AND(ISNUMBER(O50),O50<0,K50<>"Completed"),"⚠️ YES","No") -> No
A51: TBD | B51: TD151 | C51: PSUR151 | D51: Hyaluronidase, 6 x 1 ml | E51: III | F51: Media(NON CE-MARKED) | G51: 45839 | H51: 46203 | I51: 1 year | J51: 46290 | K51: Not Started | L51: TBD | M51: None | O51: =IF(K51="Completed","-",IF(ISNUMBER(J51),J51-TODAY(),"N/A")) -> 172 | P51: 🟢 ON TRACK | Q51: =IF(ISNUMBER(J51),"Q"&INT((MONTH(J51)-1)/3)+1&" "&YEAR(J51),"TBD") -> Q3 2026 | R51: =IF(K51="Completed",100,IF(K51="In progress",50,IF(K51="Assigned",25,IF(K51="Not Started",0,IF(K51="TBD",0,0))))) -> 0 | S51: =IF(AND(ISNUMBER(O51),O51<0,K51<>"Completed"),"⚠️ YES","No") -> No
A52: TBD | B52: TD005 | C52: PMS005R | D52: RI Syringes | E52: I | F52: Fertility | G52: 2021-06-01 | H52: 2026-05-31 | I52: 3 years | J52: 2026-06-06 | K52: Assigned | L52: Harish | M52: None | N52: none | O52: =IF(K52="Completed","-",IF(ISNUMBER(J52),J52-TODAY(),"N/A")) -> N/A | P52: ⚪ TBD | Q52: =IF(ISNUMBER(J52),"Q"&INT((MONTH(J52)-1)/3)+1&" "&YEAR(J52),"TBD") -> TBD | R52: =IF(K52="Completed",100,IF(K52="In progress",50,IF(K52="Assigned",25,IF(K52="Not Started",0,IF(K52="TBD",0,0))))) -> 25 | S52: =IF(AND(ISNUMBER(O52),O52<0,K52<>"Completed"),"⚠️ YES","No") -> No
A53: MDR 768070 | B53: TD041 | C53: PSUR205 | D53: Oil for tissue Culture | E53: IIa | F53: Media | G53: 45474 | H53: 46203 | I53: 2 years | J53: 46157 | K53: Not Started | L53: Terence | M53: Combine in PSUR041 | N53: PSUR041, PSUR205, PSUR301, PSUR302 and PSUR303 are combined in PSUR041 | O53: =IF(K53="Completed","-",IF(ISNUMBER(J53),J53-TODAY(),"N/A")) -> 39 | P53: 🟡 SOON | Q53: =IF(ISNUMBER(J53),"Q"&INT((MONTH(J53)-1)/3)+1&" "&YEAR(J53),"TBD") -> Q2 2026 | R53: =IF(K53="Completed",100,IF(K53="In progress",50,IF(K53="Assigned",25,IF(K53="Not Started",0,IF(K53="TBD",0,0))))) -> 0 | S53: =IF(AND(ISNUMBER(O53),O53<0,K53<>"Completed"),"⚠️ YES","No") -> No
A54: TBD | B54: TD122 | C54: PSUR122 | D54: Lighted Endoscopic Products | E54: I | F54: Medical Device | I54: 3 years | J54: 3/27/2026 - Immediate | K54: Not Started | L54: Harish | M54: None | N54: none | O54: =IF(K54="Completed","-",IF(ISNUMBER(J54),J54-TODAY(),"N/A")) -> N/A | P54: ⚪ TBD | Q54: =IF(ISNUMBER(J54),"Q"&INT((MONTH(J54)-1)/3)+1&" "&YEAR(J54),"TBD") -> TBD | R54: =IF(K54="Completed",100,IF(K54="In progress",50,IF(K54="Assigned",25,IF(K54="Not Started",0,IF(K54="TBD",0,0))))) -> 0 | S54: =IF(AND(ISNUMBER(O54),O54<0,K54<>"Completed"),"⚠️ YES","No") -> No
A55: TBD | B55: TD062 | C55: PSUR062 | D55: Endometrial Suction Curette Product Family | E55: I | F55: Medical Device | G55: 45199 | H55: 47025 | I55: 3 years | J55: 4/11/2026 - Immediate | K55: Assigned | L55: Harish | M55: None | N55: No available documents released in MC | O55: =IF(K55="Completed","-",IF(ISNUMBER(J55),J55-TODAY(),"N/A")) -> N/A | P55: ⚪ TBD | Q55: =IF(ISNUMBER(J55),"Q"&INT((MONTH(J55)-1)/3)+1&" "&YEAR(J55),"TBD") -> TBD | R55: =IF(K55="Completed",100,IF(K55="In progress",50,IF(K55="Assigned",25,IF(K55="Not Started",0,IF(K55="TBD",0,0))))) -> 25 | S55: =IF(AND(ISNUMBER(O55),O55<0,K55<>"Completed"),"⚠️ YES","No") -> No
A56: MDR 768184 | B56: TD045 | C56: PSUR045 | D56: ORIGIO® Handling™ | E56: III | F56: Media | G56: 45839 | H56: 46203 | I56: 1 year | J56: 46241 | K56: Not Started | L56: TBD | M56: Combined PSUR | N56: BSI submissiom 19 December 2026, PSUR214, PSUR045, PSUR310 and PSUR311 are combined in PSUR045 | O56: =IF(K56="Completed","-",IF(ISNUMBER(J56),J56-TODAY(),"N/A")) -> 123 | P56: 🟢 ON TRACK | Q56: =IF(ISNUMBER(J56),"Q"&INT((MONTH(J56)-1)/3)+1&" "&YEAR(J56),"TBD") -> Q3 2026 | R56: =IF(K56="Completed",100,IF(K56="In progress",50,IF(K56="Assigned",25,IF(K56="Not Started",0,IF(K56="TBD",0,0))))) -> 0 | S56: =IF(AND(ISNUMBER(O56),O56<0,K56<>"Completed"),"⚠️ YES","No") -> No
A57: MDR 768070 | B57: TD041 | C57: PSUR301 | D57: LifeGuard® Oil | E57: IIa | F57: Media | G57: 45108 | H57: 45838 | I57: 2 years | J57: 46157 | K57: Not Started | L57: Terence | M57: Combine in PSUR041 | N57: PSUR041, PSUR205, PSUR301, PSUR302 and PSUR303 are combined in PSUR041 | O57: =IF(K57="Completed","-",IF(ISNUMBER(J57),J57-TODAY(),"N/A")) -> 39 | P57: 🟡 SOON | Q57: =IF(ISNUMBER(J57),"Q"&INT((MONTH(J57)-1)/3)+1&" "&YEAR(J57),"TBD") -> Q2 2026 | R57: =IF(K57="Completed",100,IF(K57="In progress",50,IF(K57="Assigned",25,IF(K57="Not Started",0,IF(K57="TBD",0,0))))) -> 0 | S57: =IF(AND(ISNUMBER(O57),O57<0,K57<>"Completed"),"⚠️ YES","No") -> No
A58: MDR 768070 | B58: TD041 | C58: PSUR302 | D58: LiteOil® | E58: IIa | F58: Media | G58: 45292 | H58: 46022 | I58: 2 years | J58: 46157 | K58: Not Started | L58: Terence | M58: Combine in PSUR041 | N58: PSUR041, PSUR205, PSUR301, PSUR302 and PSUR303 are combined in PSUR041 | O58: =IF(K58="Completed","-",IF(ISNUMBER(J58),J58-TODAY(),"N/A")) -> 39 | P58: 🟡 SOON | Q58: =IF(ISNUMBER(J58),"Q"&INT((MONTH(J58)-1)/3)+1&" "&YEAR(J58),"TBD") -> Q2 2026 | R58: =IF(K58="Completed",100,IF(K58="In progress",50,IF(K58="Assigned",25,IF(K58="Not Started",0,IF(K58="TBD",0,0))))) -> 0 | S58: =IF(AND(ISNUMBER(O58),O58<0,K58<>"Completed"),"⚠️ YES","No") -> No
A59: MDR 768070 | B59: TD041 | C59: PSUR303 | D59: Paraffin Oil P.G. | E59: IIa | F59: Media | G59: 45292 | H59: 46022 | I59: 2 years | J59: 46157 | K59: Not Started | L59: Terence | M59: Combine in PSUR041 | N59: PSUR041, PSUR205, PSUR301, PSUR302 and PSUR303 are combined in PSUR041 | O59: =IF(K59="Completed","-",IF(ISNUMBER(J59),J59-TODAY(),"N/A")) -> 39 | P59: 🟡 SOON | Q59: =IF(ISNUMBER(J59),"Q"&INT((MONTH(J59)-1)/3)+1&" "&YEAR(J59),"TBD") -> Q2 2026 | R59: =IF(K59="Completed",100,IF(K59="In progress",50,IF(K59="Assigned",25,IF(K59="Not Started",0,IF(K59="TBD",0,0))))) -> 0 | S59: =IF(AND(ISNUMBER(O59),O59<0,K59<>"Completed"),"⚠️ YES","No") -> No
A60: MDR 768184 | B60: TD045 | C60: PSUR214 | D60: Quinn's Advantage Medium with HEPES | E60: III | F60: Media | G60: 45839 | H60: 46203 | I60: 1 year | J60: 46241 | K60: Not Started | L60: TBD | M60: Combined PSUR | N60: BSI submissiom 19 December 2026, PSUR214, PSUR045, PSUR310 and PSUR311 are combined in PSUR045 | O60: =IF(K60="Completed","-",IF(ISNUMBER(J60),J60-TODAY(),"N/A")) -> 123 | P60: 🟢 ON TRACK | Q60: =IF(ISNUMBER(J60),"Q"&INT((MONTH(J60)-1)/3)+1&" "&YEAR(J60),"TBD") -> Q3 2026 | R60: =IF(K60="Completed",100,IF(K60="In progress",50,IF(K60="Assigned",25,IF(K60="Not Started",0,IF(K60="TBD",0,0))))) -> 0 | S60: =IF(AND(ISNUMBER(O60),O60<0,K60<>"Completed"),"⚠️ YES","No") -> No
A61: MDR 768184 | B61: TD045 | C61: PSUR310 | D61: LG global total LP w/ HEPES | E61: III | F61: Media | G61: 45839 | H61: 46203 | I61: 1 year | J61: 46241 | K61: Not Started | L61: TBD | M61: Combined PSUR | N61: BSI submissiom 19 December 2026, PSUR214, PSUR045, PSUR310 and PSUR311 are combined in PSUR045 | O61: =IF(K61="Completed","-",IF(ISNUMBER(J61),J61-TODAY(),"N/A")) -> 123 | P61: 🟢 ON TRACK | Q61: =IF(ISNUMBER(J61),"Q"&INT((MONTH(J61)-1)/3)+1&" "&YEAR(J61),"TBD") -> Q3 2026 | R61: =IF(K61="Completed",100,IF(K61="In progress",50,IF(K61="Assigned",25,IF(K61="Not Started",0,IF(K61="TBD",0,0))))) -> 0 | S61: =IF(AND(ISNUMBER(O61),O61<0,K61<>"Completed"),"⚠️ YES","No") -> No
A62: MDR 768184 | B62: TD045 | C62: PSUR311 | D62: LG global w/ HEPES | E62: III | F62: Media | G62: 45839 | H62: 46203 | I62: 1 year | J62: 46241 | K62: Not Started | L62: TBD | M62: Combined PSUR | N62: BSI submissiom 19 December 2026, PSUR214, PSUR045, PSUR310 and PSUR311 are combined in PSUR045 | O62: =IF(K62="Completed","-",IF(ISNUMBER(J62),J62-TODAY(),"N/A")) -> 123 | P62: 🟢 ON TRACK | Q62: =IF(ISNUMBER(J62),"Q"&INT((MONTH(J62)-1)/3)+1&" "&YEAR(J62),"TBD") -> Q3 2026 | R62: =IF(K62="Completed",100,IF(K62="In progress",50,IF(K62="Assigned",25,IF(K62="Not Started",0,IF(K62="TBD",0,0))))) -> 0 | S62: =IF(AND(ISNUMBER(O62),O62<0,K62<>"Completed"),"⚠️ YES","No") -> No
A63: MDR 768186 | B63: TD117 | C63: PSUR215 | D63: Quinn's Advantage™ Thaw Kit | E63: III | F63: Media | G63: 45292 | H63: 46022 | I63: 1 year | J63: 46112 | K63: In Review | L63: Harish | M63: Combined PSUR | N63: BSI submissiom 18 May 2026, Writed to check to combine 2024 and 2025 | O63: =IF(K63="Completed","-",IF(ISNUMBER(J63),J63-TODAY(),"N/A")) -> -6 | P63: 🟠 URGENT | Q63: =IF(ISNUMBER(J63),"Q"&INT((MONTH(J63)-1)/3)+1&" "&YEAR(J63),"TBD") -> Q1 2026 | R63: =IF(K63="Completed",100,IF(K63="In progress",50,IF(K63="Assigned",25,IF(K63="Not Started",0,IF(K63="TBD",0,0))))) -> 0 | S63: =IF(AND(ISNUMBER(O63),O63<0,K63<>"Completed"),"⚠️ YES","No") -> ⚠️ YES
A64: MDR 768190 | B64: TD053 | C64: PSUR053 | D64: INSORB Skin Stapler and Forceps | E64: III | F64: TBD | G64: 45778 | H64: 46142 | I64: 1 year | J64: 46155 | K64: Not Started | L64: Venkata | M64: None | N64: BSI submission on 17 May 2026 | O64: =IF(K64="Completed","-",IF(ISNUMBER(J64),J64-TODAY(),"N/A")) -> 37 | P64: 🟡 SOON | Q64: =IF(ISNUMBER(J64),"Q"&INT((MONTH(J64)-1)/3)+1&" "&YEAR(J64),"TBD") -> Q2 2026 | R64: =IF(K64="Completed",100,IF(K64="In progress",50,IF(K64="Assigned",25,IF(K64="Not Started",0,IF(K64="TBD",0,0))))) -> 0 | S64: =IF(AND(ISNUMBER(O64),O64<0,K64<>"Completed"),"⚠️ YES","No") -> No
O65: =IF(K65="Completed","-",IF(ISNUMBER(J65),J65-TODAY(),"N/A")) -> N/A | P65: ⚪ TBD | Q65: =IF(ISNUMBER(J65),"Q"&INT((MONTH(J65)-1)/3)+1&" "&YEAR(J65),"TBD") -> TBD | R65: =IF(K65="Completed",100,IF(K65="In progress",50,IF(K65="Assigned",25,IF(K65="Not Started",0,IF(K65="TBD",0,0))))) -> 0 | S65: =IF(AND(ISNUMBER(O65),O65<0,K65<>"Completed"),"⚠️ YES","No") -> No
O66: =IF(K66="Completed","-",IF(ISNUMBER(J66),J66-TODAY(),"N/A")) -> N/A | P66: ⚪ TBD | Q66: =IF(ISNUMBER(J66),"Q"&INT((MONTH(J66)-1)/3)+1&" "&YEAR(J66),"TBD") -> TBD | R66: =IF(K66="Completed",100,IF(K66="In progress",50,IF(K66="Assigned",25,IF(K66="Not Started",0,IF(K66="TBD",0,0))))) -> 0 | S66: =IF(AND(ISNUMBER(O66),O66<0,K66<>"Completed"),"⚠️ YES","No") -> No
O67: =IF(K67="Completed","-",IF(ISNUMBER(J67),J67-TODAY(),"N/A")) -> N/A | P67: ⚪ TBD | Q67: =IF(ISNUMBER(J67),"Q"&INT((MONTH(J67)-1)/3)+1&" "&YEAR(J67),"TBD") -> TBD | R67: =IF(K67="Completed",100,IF(K67="In progress",50,IF(K67="Assigned",25,IF(K67="Not Started",0,IF(K67="TBD",0,0))))) -> 0 | S67: =IF(AND(ISNUMBER(O67),O67<0,K67<>"Completed"),"⚠️ YES","No") -> No
O68: =IF(K68="Completed","-",IF(ISNUMBER(J68),J68-TODAY(),"N/A")) -> N/A | P68: ⚪ TBD | Q68: =IF(ISNUMBER(J68),"Q"&INT((MONTH(J68)-1)/3)+1&" "&YEAR(J68),"TBD") -> TBD | R68: =IF(K68="Completed",100,IF(K68="In progress",50,IF(K68="Assigned",25,IF(K68="Not Started",0,IF(K68="TBD",0,0))))) -> 0 | S68: =IF(AND(ISNUMBER(O68),O68<0,K68<>"Completed"),"⚠️ YES","No") -> No
O69: =IF(K69="Completed","-",IF(ISNUMBER(J69),J69-TODAY(),"N/A")) -> N/A | P69: ⚪ TBD | Q69: =IF(ISNUMBER(J69),"Q"&INT((MONTH(J69)-1)/3)+1&" "&YEAR(J69),"TBD") -> TBD | R69: =IF(K69="Completed",100,IF(K69="In progress",50,IF(K69="Assigned",25,IF(K69="Not Started",0,IF(K69="TBD",0,0))))) -> 0 | S69: =IF(AND(ISNUMBER(O69),O69<0,K69<>"Completed"),"⚠️ YES","No") -> No
O70: =IF(K70="Completed","-",IF(ISNUMBER(J70),J70-TODAY(),"N/A")) -> N/A | P70: ⚪ TBD | Q70: =IF(ISNUMBER(J70),"Q"&INT((MONTH(J70)-1)/3)+1&" "&YEAR(J70),"TBD") -> TBD | R70: =IF(K70="Completed",100,IF(K70="In progress",50,IF(K70="Assigned",25,IF(K70="Not Started",0,IF(K70="TBD",0,0))))) -> 0 | S70: =IF(AND(ISNUMBER(O70),O70<0,K70<>"Completed"),"⚠️ YES","No") -> No
O71: =IF(K71="Completed","-",IF(ISNUMBER(J71),J71-TODAY(),"N/A")) -> N/A | P71: ⚪ TBD | Q71: =IF(ISNUMBER(J71),"Q"&INT((MONTH(J71)-1)/3)+1&" "&YEAR(J71),"TBD") -> TBD | R71: =IF(K71="Completed",100,IF(K71="In progress",50,IF(K71="Assigned",25,IF(K71="Not Started",0,IF(K71="TBD",0,0))))) -> 0 | S71: =IF(AND(ISNUMBER(O71),O71<0,K71<>"Completed"),"⚠️ YES","No") -> No
O72: =IF(K72="Completed","-",IF(ISNUMBER(J72),J72-TODAY(),"N/A")) -> N/A | P72: ⚪ TBD | Q72: =IF(ISNUMBER(J72),"Q"&INT((MONTH(J72)-1)/3)+1&" "&YEAR(J72),"TBD") -> TBD | R72: =IF(K72="Completed",100,IF(K72="In progress",50,IF(K72="Assigned",25,IF(K72="Not Started",0,IF(K72="TBD",0,0))))) -> 0 | S72: =IF(AND(ISNUMBER(O72),O72<0,K72<>"Completed"),"⚠️ YES","No") -> No
O73: =IF(K73="Completed","-",IF(ISNUMBER(J73),J73-TODAY(),"N/A")) -> N/A | P73: ⚪ TBD | Q73: =IF(ISNUMBER(J73),"Q"&INT((MONTH(J73)-1)/3)+1&" "&YEAR(J73),"TBD") -> TBD | R73: =IF(K73="Completed",100,IF(K73="In progress",50,IF(K73="Assigned",25,IF(K73="Not Started",0,IF(K73="TBD",0,0))))) -> 0 | S73: =IF(AND(ISNUMBER(O73),O73<0,K73<>"Completed"),"⚠️ YES","No") -> No
O74: =IF(K74="Completed","-",IF(ISNUMBER(J74),J74-TODAY(),"N/A")) -> N/A | P74: ⚪ TBD | Q74: =IF(ISNUMBER(J74),"Q"&INT((MONTH(J74)-1)/3)+1&" "&YEAR(J74),"TBD") -> TBD | R74: =IF(K74="Completed",100,IF(K74="In progress",50,IF(K74="Assigned",25,IF(K74="Not Started",0,IF(K74="TBD",0,0))))) -> 0 | S74: =IF(AND(ISNUMBER(O74),O74<0,K74<>"Completed"),"⚠️ YES","No") -> No
O75: =IF(K75="Completed","-",IF(ISNUMBER(J75),J75-TODAY(),"N/A")) -> N/A | P75: ⚪ TBD | Q75: =IF(ISNUMBER(J75),"Q"&INT((MONTH(J75)-1)/3)+1&" "&YEAR(J75),"TBD") -> TBD | R75: =IF(K75="Completed",100,IF(K75="In progress",50,IF(K75="Assigned",25,IF(K75="Not Started",0,IF(K75="TBD",0,0))))) -> 0 | S75: =IF(AND(ISNUMBER(O75),O75<0,K75<>"Completed"),"⚠️ YES","No") -> No
O76: =IF(K76="Completed","-",IF(ISNUMBER(J76),J76-TODAY(),"N/A")) -> N/A | P76: ⚪ TBD | Q76: =IF(ISNUMBER(J76),"Q"&INT((MONTH(J76)-1)/3)+1&" "&YEAR(J76),"TBD") -> TBD | R76: =IF(K76="Completed",100,IF(K76="In progress",50,IF(K76="Assigned",25,IF(K76="Not Started",0,IF(K76="TBD",0,0))))) -> 0 | S76: =IF(AND(ISNUMBER(O76),O76<0,K76<>"Completed"),"⚠️ YES","No") -> No
... O158: =IF(K158="Completed","-",IF(ISNUMBER(J158),J158-TODAY(),"N/A")) -> N/A | P158: ⚪ TBD | Q158: =IF(ISNUMBER(J158),"Q"&INT((MONTH(J158)-1)/3)+1&" "&YEAR(J158),"TBD") -> TBD | R158: =IF(K158="Completed",100,IF(K158="In progress",50,IF(K158="Assigned",25,IF(K158="Not Started",0,IF(K158="TBD",0,0))))) -> 0 | S158: =IF(AND(ISNUMBER(O158),O158<0,K158<>"Completed"),"⚠️ YES","No") -> No

Sheet BSI Dashboard
A1: 📊 BSI PSUR DASHBOARD — Q1 & Q2 2026
A3: KEY PERFORMANCE INDICATORS
A4: Total BSI Certificates | C4: Completed | E4: In Progress | G4: In Review | I4: Not Started | K4: Overdue | M4: Overall Progress
A5: {=SUMPRODUCT(('BSI PSURs'!A2:A45<>"")*('BSI PSURs'!A2:A45<>"TBD")*(1/COUNTIF('BSI PSURs'!A2:A45,'BSI PSURs'!A2:A45&"")))} -> 23 | C5: {=SUMPRODUCT(('BSI PSURs'!A2:A45<>"")*('BSI PSURs'!A2:A45<>"TBD")*('BSI PSURs'!K2:K45="Completed")*(1/COUNTIF('BSI PSURs'!A2:A45,'BSI PSURs'!A2:A45&"")))} -> 7 | E5: {=SUMPRODUCT(('BSI PSURs'!A2:A45<>"")*('BSI PSURs'!A2:A45<>"TBD")*('BSI PSURs'!K2:K45="In progress")*(1/COUNTIF('BSI PSURs'!A2:A45,'BSI PSURs'!A2:A45&"")))} -> 1 | G5: {=SUMPRODUCT(('BSI PSURs'!A2:A45<>"")*('BSI PSURs'!A2:A45<>"TBD")*('BSI PSURs'!K2:K45="In Review")*(1/COUNTIF('BSI PSURs'!A2:A45,'BSI PSURs'!A2:A45&"")))} -> 3 | I5: {=SUMPRODUCT(('BSI PSURs'!A2:A45<>"")*('BSI PSURs'!A2:A45<>"TBD")*('BSI PSURs'!K2:K45="Not Started")*(1/COUNTIF('BSI PSURs'!A2:A45,'BSI PSURs'!A2:A45&"")))} -> 11 | K5: {=SUMPRODUCT(('BSI PSURs'!A2:A45<>"")*('BSI PSURs'!A2:A45<>"TBD")*('BSI PSURs'!S2:S45="⚠️ YES")*(1/COUNTIF('BSI PSURs'!A2:A45,'BSI PSURs'!A2:A45&"")))} -> 0 | M5: =IFERROR(C5/A5,0) -> 0.30434783
A7: 📊 STATUS BREAKDOWN | E7: 👤 WRITER WORKLOAD | I7: 📅 QUARTERLY VIEW
A8: Status | B8: Count | C8: % of Total | E8: Writer | F8: Assigned | G8: Completed | I8: Quarter | J8: Total | K8: Completed | L8: % Done
A9: Completed | B9: =C5 -> 7 | C9: =IFERROR(B9/$A$5,0) -> 0.30434783 | E9: Harish | F9: 9 | G9: 5 | I9: Q1 2026 | J9: 9 | K9: 8 | L9: =K9/J9 -> 0.88888889
A10: In progress | B10: =E5 -> 1 | C10: =IFERROR(B10/$A$5,0) -> 0.043478261 | E10: Jeff | F10: 3 | G10: 2 | I10: Q2 2026 | J10: 11 | K10: 0 | L10: =K10/J10 -> 0
A11: In Review | B11: =G5 -> 3 | C11: =IFERROR(B11/$A$5,0) -> 0.13043478 | E11: Venkata | F11: 7 | G11: 1 | I11: Other | J11: 4 | K11: 0 | L11: =IF(J11=0,0,K11/J11) -> 0
A12: Assigned | B12: {=SUMPRODUCT(('BSI PSURs'!A2:A45<>"")*('BSI PSURs'!A2:A45<>"TBD")*('BSI PSURs'!K2:K45="Assigned")*(1/COUNTIF('BSI PSURs'!A2:A45,'BSI PSURs'!A2:A45&"")))} -> 0 | C12: =IFERROR(B12/$A$5,0) -> 0 | E12: Terence | F12: 2 | G12: 0 | I12: TOTAL | J12: =SUM(J9:J11) -> 24 | K12: =SUM(K9:K11) -> 8 | L12: =K12/J12 -> 0.33333333
A13: Not Started | B13: =I5 -> 11 | C13: =IFERROR(B13/$A$5,0) -> 0.47826087 | E13: TOTAL | F13: =SUM(F9:F12) -> 21 | G13: =SUM(G9:G12) -> 8
A14: TBD | B14: {=SUMPRODUCT(('BSI PSURs'!A2:A45<>"")*('BSI PSURs'!A2:A45<>"TBD")*('BSI PSURs'!K2:K45="TBD")*(1/COUNTIF('BSI PSURs'!A2:A45,'BSI PSURs'!A2:A45&"")))} -> 1 | C14: =IFERROR(B14/$A$5,0) -> 0.043478261
A16: 🎯 DEVICE CLASS BREAKDOWN | E16: ⚡ PRIORITY BREAKDOWN | I16: ⏰ NEXT 30 DAYS - CRITICAL DEADLINES
A17: Class | B17: Count | C17: % of Total | E17: Priority | F17: Count | G17: % of Total | I17: Metric | J17: Count
A18: Class III | B18: =COUNTIF('BSI PSURs'!E:E,"III") -> 23 | C18: =IF($A$5>0,B18/$A$5,0) -> 1 | E18: 🔴 OVERDUE | F18: =I46 -> 0 | G18: =IFERROR(F18/$A$5,0) -> 0 | I18: Due in 7 days | J18: =COUNTIFS('BSI PSURs'!O:O,">0",'BSI PSURs'!O:O,"<=7") -> 2
A19: Class IIb | B19: =COUNTIF('BSI PSURs'!E:E,"IIb") -> 0 | C19: =IF($A$5>0,B19/$A$5,0) -> 0 | E19: 🟠 URGENT | F19: =I47 -> 6 | G19: =IFERROR(F19/$A$5,0) -> 0.26086957 | I19: Due in 14 days | J19: =COUNTIFS('BSI PSURs'!O:O,">0",'BSI PSURs'!O:O,"<=14") -> 3
A20: Class IIa | B20: =COUNTIF('BSI PSURs'!E:E,"IIa") -> 1 | C20: =IF($A$5>0,B20/$A$5,0) -> 0.043478261 | E20: 🟡 SOON | F20: =I48 -> 3 | G20: =IFERROR(F20/$A$5,0) -> 0.13043478 | I20: Due in 30 days | J20: =COUNTIFS('BSI PSURs'!O:O,">0",'BSI PSURs'!O:O,"<=30") -> 6
A21: Class I / Is | B21: =COUNTIFS('BSI PSURs'!E:E,"I")+COUNTIFS('BSI PSURs'!E:E,"Is") -> 0 | C21: =IF($A$5>0,B21/$A$5,0) -> 0 | E21: 🟢 ON TRACK | F21: =I49 -> 7 | G21: =IFERROR(F21/$A$5,0) -> 0.30434783 | I21: Currently Overdue | J21: =COUNTIF('BSI PSURs'!S:S,"⚠️ YES") -> 0
E22: ✅ DONE | F22: =I50 -> 7 | G22: =IFERROR(F22/$A$5,0) -> 0.30434783 | I22: Avg Days to Deadline | J22: =IFERROR(AVERAGEIF('BSI PSURs'!O:O,">0"),0) -> 62.625
E23: ⚪ TBD | F23: =I51 -> 0 | G23: =IFERROR(F23/$A$5,0) -> 0
A24: 📈 STATUS DISTRIBUTION | E24: 📊 WRITER WORKLOAD | I24: ⚡ PRIORITY DISTRIBUTION
A40: ⏱️ Dashboard auto-updates when you change Status, Due Date, or Writer on the 'BSI PSURs' sheet
A45: Status | B45: Count | D45: Writer | E45: Assigned | F45: Completed | H45: Priority | I45: Count
A46: Completed | B46: =B9 -> 7 | D46: Harish | E46: 9 | F46: 5 | H46: OVERDUE | I46: {=SUMPRODUCT(('BSI PSURs'!A2:A45<>"")*('BSI PSURs'!A2:A45<>"TBD")*(ISNUMBER(SEARCH("OVERDUE",'BSI PSURs'!P2:P45)))*(1/COUNTIF('BSI PSURs'!A2:A45,'BSI PSURs'!A2:A45&"")))} -> 0
A47: In Progress | B47: =B10 -> 1 | D47: Jeff | E47: 3 | F47: 2 | H47: URGENT | I47: {=SUMPRODUCT(('BSI PSURs'!A2:A45<>"")*('BSI PSURs'!A2:A45<>"TBD")*(ISNUMBER(SEARCH("URGENT",'BSI PSURs'!P2:P45)))*(1/COUNTIF('BSI PSURs'!A2:A45,'BSI PSURs'!A2:A45&"")))} -> 6
A48: In Review | B48: =B11 -> 3 | D48: Venkata | E48: 7 | F48: 1 | H48: SOON | I48: {=SUMPRODUCT(('BSI PSURs'!A2:A45<>"")*('BSI PSURs'!A2:A45<>"TBD")*(ISNUMBER(SEARCH("SOON",'BSI PSURs'!P2:P45)))*(1/COUNTIF('BSI PSURs'!A2:A45,'BSI PSURs'!A2:A45&"")))} -> 3
A49: Not Started | B49: =B13 -> 11 | D49: Terence | E49: 2 | F49: 0 | H49: ON TRACK | I49: {=SUMPRODUCT(('BSI PSURs'!A2:A45<>"")*('BSI PSURs'!A2:A45<>"TBD")*(ISNUMBER(SEARCH("ON TRACK",'BSI PSURs'!P2:P45)))*(1/COUNTIF('BSI PSURs'!A2:A45,'BSI PSURs'!A2:A45&"")))} -> 7
A50: TBD | B50: =B14 -> 1 | H50: DONE | I50: {=SUMPRODUCT(('BSI PSURs'!A2:A45<>"")*('BSI PSURs'!A2:A45<>"TBD")*(ISNUMBER(SEARCH("DONE",'BSI PSURs'!P2:P45)))*(1/COUNTIF('BSI PSURs'!A2:A45,'BSI PSURs'!A2:A45&"")))} -> 7
H51: TBD | I51: {=SUMPRODUCT(('BSI PSURs'!A2:A45<>"")*('BSI PSURs'!A2:A45<>"TBD")*('BSI PSURs'!P2:P45="⚪ TBD")*(1/COUNTIF('BSI PSURs'!A2:A45,'BSI PSURs'!A2:A45&"")))} -> 0

Sheet Writer Workload
A1: 👤 WRITER WORKLOAD TRACKER
A3: Writer | B3: Total Assigned | C3: Completed | D3: In Progress | E3: Not Started | F3: TBD | G3: Overdue | H3: Completion Rate | I3: Avg Days Left | J3: Earliest Due | K3: Risk Level
A4: Harish | B4: =COUNTIF('Maintenance PSURs'!L2:L52,"Harish") -> 3 | C4: =COUNTIFS('Maintenance PSURs'!L2:L52,"Harish",'Maintenance PSURs'!K2:K52,"Completed") -> 0 | D4: =COUNTIFS('Maintenance PSURs'!L2:L52,"Harish",'Maintenance PSURs'!K2:K52,"In progress") -> 1 | E4: =COUNTIFS('Maintenance PSURs'!L2:L52,"Harish",'Maintenance PSURs'!K2:K52,"Not Started") -> 1 | F4: =COUNTIFS('Maintenance PSURs'!L2:L52,"Harish",'Maintenance PSURs'!K2:K52,"TBD") -> 0 | G4: =COUNTIFS('Maintenance PSURs'!L2:L52,"Harish",'Maintenance PSURs'!S2:S52,"*YES*") -> 1 | H4: =IFERROR(C4/B4,0) -> 0 | I4: =IFERROR(ROUND(AVERAGEIFS('Maintenance PSURs'!O2:O52,'Maintenance PSURs'!L2:L52,"Harish",'Maintenance PSURs'!K2:K52,"<>Completed"),0),"N/A") -> 40 | J4: =IFERROR(_xlfn.MINIFS('Maintenance PSURs'!J2:J52,'Maintenance PSURs'!L2:L52,"Harish",'Maintenance PSURs'!K2:K52,"<>Completed",'Maintenance PSURs'!J2:J52,">0"),"N/A") -> 46112 | K4: =IF(G4>2,"🔴 HIGH",IF(G4>0,"🟠 MEDIUM","🟢 LOW")) -> 🟠 MEDIUM
A5: Jeff | B5: =COUNTIF('Maintenance PSURs'!L2:L52,"Jeff") -> 10 | C5: =COUNTIFS('Maintenance PSURs'!L2:L52,"Jeff",'Maintenance PSURs'!K2:K52,"Completed") -> 0 | D5: =COUNTIFS('Maintenance PSURs'!L2:L52,"Jeff",'Maintenance PSURs'!K2:K52,"In progress") -> 2 | E5: =COUNTIFS('Maintenance PSURs'!L2:L52,"Jeff",'Maintenance PSURs'!K2:K52,"Not Started") -> 7 | F5: =COUNTIFS('Maintenance PSURs'!L2:L52,"Jeff",'Maintenance PSURs'!K2:K52,"TBD") -> 0 | G5: =COUNTIFS('Maintenance PSURs'!L2:L52,"Jeff",'Maintenance PSURs'!S2:S52,"*YES*") -> 3 | H5: =IFERROR(C5/B5,0) -> 0 | I5: =IFERROR(ROUND(AVERAGEIFS('Maintenance PSURs'!O2:O52,'Maintenance PSURs'!L2:L52,"Jeff",'Maintenance PSURs'!K2:K52,"<>Completed"),0),"N/A") -> 21 | J5: =IFERROR(_xlfn.MINIFS('Maintenance PSURs'!J2:J52,'Maintenance PSURs'!L2:L52,"Jeff",'Maintenance PSURs'!K2:K52,"<>Completed",'Maintenance PSURs'!J2:J52,">0"),"N/A") -> 46080 | K5: =IF(G5>2,"🔴 HIGH",IF(G5>0,"🟠 MEDIUM","🟢 LOW")) -> 🔴 HIGH
A6: Venkata | B6: =COUNTIF('Maintenance PSURs'!L2:L52,"Venkata") -> 7 | C6: =COUNTIFS('Maintenance PSURs'!L2:L52,"Venkata",'Maintenance PSURs'!K2:K52,"Completed") -> 1 | D6: =COUNTIFS('Maintenance PSURs'!L2:L52,"Venkata",'Maintenance PSURs'!K2:K52,"In progress") -> 2 | E6: =COUNTIFS('Maintenance PSURs'!L2:L52,"Venkata",'Maintenance PSURs'!K2:K52,"Not Started") -> 4 | F6: =COUNTIFS('Maintenance PSURs'!L2:L52,"Venkata",'Maintenance PSURs'!K2:K52,"TBD") -> 0 | G6: =COUNTIFS('Maintenance PSURs'!L2:L52,"Venkata",'Maintenance PSURs'!S2:S52,"*YES*") -> 3 | H6: =IFERROR(C6/B6,0) -> 0.14285714 | I6: =IFERROR(ROUND(AVERAGEIFS('Maintenance PSURs'!O2:O52,'Maintenance PSURs'!L2:L52,"Venkata",'Maintenance PSURs'!K2:K52,"<>Completed"),0),"N/A") -> 0 | J6: =IFERROR(_xlfn.MINIFS('Maintenance PSURs'!J2:J52,'Maintenance PSURs'!L2:L52,"Venkata",'Maintenance PSURs'!K2:K52,"<>Completed",'Maintenance PSURs'!J2:J52,">0"),"N/A") -> 46073 | K6: =IF(G6>2,"🔴 HIGH",IF(G6>0,"🟠 MEDIUM","🟢 LOW")) -> 🔴 HIGH
A7: Terence | B7: =COUNTIF('Maintenance PSURs'!L2:L52,"Terence*") -> 12 | C7: =COUNTIFS('Maintenance PSURs'!L2:L52,"Terence*",'Maintenance PSURs'!K2:K52,"Completed") -> 2 | D7: =COUNTIFS('Maintenance PSURs'!L2:L52,"Terence*",'Maintenance PSURs'!K2:K52,"In progress") -> 5 | E7: =COUNTIFS('Maintenance PSURs'!L2:L52,"Terence*",'Maintenance PSURs'!K2:K52,"Not Started") -> 1 | F7: =COUNTIFS('Maintenance PSURs'!L2:L52,"Terence*",'Maintenance PSURs'!K2:K52,"TBD") -> 0 | G7: =COUNTIFS('Maintenance PSURs'!L2:L52,"Terence*",'Maintenance PSURs'!S2:S52,"*YES*") -> 4 | H7: =IFERROR(C7/B7,0) -> 0.16666667 | I7: =IFERROR(ROUND(AVERAGEIFS('Maintenance PSURs'!O2:O52,'Maintenance PSURs'!L2:L52,"Terence*",'Maintenance PSURs'!K2:K52,"<>Completed"),0),"N/A") -> -23 | J7: =IFERROR(_xlfn.MINIFS('Maintenance PSURs'!J2:J52,'Maintenance PSURs'!L2:L52,"Terence*",'Maintenance PSURs'!K2:K52,"<>Completed",'Maintenance PSURs'!J2:J52,">0"),"N/A") -> 46080 | K7: =IF(G7>2,"🔴 HIGH",IF(G7>0,"🟠 MEDIUM","🟢 LOW")) -> 🔴 HIGH
A8: TOTAL | B8: =SUM(B4:B7) -> 32 | C8: =SUM(C4:C7) -> 3 | D8: =SUM(D4:D7) -> 10 | E8: =SUM(E4:E7) -> 13 | F8: =SUM(F4:F7) -> 0 | G8: =SUM(G4:G7) -> 11 | H8: =IFERROR(C8/B8,0) -> 0.09375
A10: 📝 DETAILED ASSIGNMENTS BY WRITER (Live-linked to Master Schedule)
A11: Writer | B11: PSUR ID | C11: Product Name | D11: Class | E11: Due Date | F11: Days Left | G11: Status | H11: Priority | I11: Overdue? | J11: Combined PSUR | K11: Notes
A12: {=_xlfn._xlws.SORT(CHOOSE({1,2,3,4,5,6,7,8,9,10,11},'Maintenance PSURs'!L2:L52,'Maintenance PSURs'!C2:C52,'Maintenance PSURs'!D2:D52,'Maintenance PSURs'!E2:E52,'Maintenance PSURs'!J2:J52,'Maintenance PSURs'!O2:O52,'Maintenance PSURs'!K2:K52,'Maintenance PSURs'!P2:P52,'Maintenance PSURs'!S2:S52,'Maintenance PSURs'!M2:M52,'Maintenance PSURs'!N2:N52),1,1)} -> Harish | B12: PSUR039 | C12: Acidified Tyrodes Solution (1060) | D12: III | E12: 46112 | F12: -6 | G12: In progress | H12: 🟠 URGENT | I12: ⚠️ YES | J12: None | K12: none
A13: Harish | B13: PSUR016 | C13: PICSI® Sperm Selection Device | D13: III | E13: 46203 | F13: 85 | G13: Not Started | H13: 🟢 ON TRACK | I13: No | J13: None | K13: none
A14: Harish | B14: PMS005R | C14: RI Syringes | D14: I | E14: 2026-06-06 | F14: N/A | G14: Assigned | H14: ⚪ TBD | I14: No | J14: None | K14: none
A15: Jeff | B15: PSUR041 | C15: Liquid Paraffin - CHANGE CURRENT REV C TO B AND B TO A | D15: IIa | E15: 46157 | F15: 39 | G15: Not Started | H15: 🟡 SOON | I15: No | J15: Combine in PSUR041 | K15: PSUR041, PSUR205, PSUR301, PSUR302 and PSUR303 are combined in PSUR041
A16: Jeff | B16: PSUR044 | C16: VitriFit™ | D16: IIa | E16: 46150 | F16: 32 | G16: Not Started | H16: 🟡 SOON | I16: No | J16: None | K16: none
A17: Jeff | B17: PSUR050 | C17: RI Witness EHP | D17: IIa | E17: 46080 | F17: -38 | G17: In Review | H17: 🔴 OVERDUE | I17: ⚠️ YES | J17: None | K17: In draft, need to release 3-6-26 Awaiting Sales/complaint data, updating to new template
A18: Jeff | B18: PSUR071 | C18: Mobius Elastic Retractors | D18: IIa | E18: 46094 | F18: -24 | G18: In progress | H18: 🔴 OVERDUE | I18: ⚠️ YES | J18: None | K18: Sales data request issued 3-24-26
A19: Jeff | B19: PSUR058 | C19: Apple-Hunt Trocars | D19: IIa | E19: 46186 | F19: 68 | G19: Not Started | H19: 🟢 ON TRACK | I19: No | J19: None | K19: none
A20: Jeff | B20: PSUR087 | C20: LifeGlobal Dishes GPS® Dishware | D20: IIa | E20: 46199 | F20: 81 | G20: Not Started | H20: 🟢 ON TRACK | I20: No | J20: None | K20: none
A21: Jeff | B21: PSUR068 | C21: Wallace Aspiration Pump | D21: I | E21: 04/30/2026 - Immediate | F21: N/A | G21: Not Started | H21: ⚪ TBD | I21: No | J21: None | K21: No available documents released in MC
A22: Jeff | B22: PSUR083 | C22: LifeDop Dopplers and Probes | D22: IIa | E22: 46108 | F22: -10 | G22: In progress | H22: 🔴 OVERDUE | I22: ⚠️ YES | J22: None | K22: none
A23: Jeff | B23: PMS007R | C23: Adult-Neonatal_Care | D23: I | E23: 2026-01-03 | F23: N/A | G23: Not Started | H23: ⚪ TBD | I23: No | J23: None | K23: none
A24: Jeff | B24: PSUR059 | C24: Assisted Reproduction Catheters | D24: I | E24: 4/30/2026 - Immediate | F24: N/A | G24: Not Started | H24: ⚪ TBD | I24: No | J24: None | K24: No available documents released in MC
A25: TBD | B25: PSUR007 | C25: LoneStar Retractor Kit | D25: IIa | E25: 46073 | F25: -45 | G25: In progress | H25: 🔴 OVERDUE | I25: ⚠️ YES | J25: None | K25: 0
A26: TBD | B26: PMS007R | C26: Retractors | D26: Is | E26: 0 | F26: N/A | G26: Not Started | H26: ⚪ TBD | I26: No | J26: Combine with PSUR007 | K26: 0
A27: TBD | B27: PMS062R | C27: Endometrial_Suction_Curette | D27: I | E27: Immediate | F27: N/A | G27: Not Started | H27: ⚪ TBD | I27: No | J27: None | K27: No available documents released in MC
A28: TBD | B28: PMS123R | C28: K-Systems Flex Short-term Incubator Module | D28: I | E28: 0 | F28: N/A | G28: Not Started | H28: ⚪ TBD | I28: No | J28: None | K28: Terence will be conforming
A29: TBD | B29: PMS124R | C29: Embryo Biopsy Kit | D29: I | E29: 0 | F29: N/A | G29: Not Started | H29: ⚪ TBD | I29: No | J29: None | K29: Terence will be conforming
A30: TBD | B30: PMS125R | C30: Endometrial Biopsy Kit | D30: I | E30: 0 | F30: N/A | G30: Not Started | H30: ⚪ TBD | I30: No | J30: None | K30: Terence will be conforming
A31: TBD | B31: PSUR018 | C31: LEEP ELECTRODES | D31: IIb | E31: 46290 | F31: 172 | G31: Not Started | H31: 🟢 ON TRACK | I31: No | J31: None | K31: 0
A32: TBD | B32: PSUR047 | C32: SynVitro® Hyadase | D32: III | E32: 46233 | F32: 115 | G32: Not Started | H32: 🟢 ON TRACK | I32: No | J32: None | K32: none
A33: TBD | B33: PSUR048 | C33: Integra 3 Micromanipulator | D33: IIa | E33: 46233 | F33: 115 | G33: Not Started | H33: 🟢 ON TRACK | I33: No | J33: None | K33: 0
A34: TBD | B34: PSUR060 | C34: Carter-Thomason Port Closure Products | D34: IIa | E34: 46262 | F34: 144 | G34: Not Started | H34: 🟢 ON TRACK | I34: No | J34: None | K34: none
A35: TBD | B35: PSUR073 | C35: IVF PASTEUR PIPETTES | D35: IIa | E35: 46241 | F35: 123 | G35: Not Started | H35: 🟢 ON TRACK | I35: No | J35: None | K35: none
A36: TBD | B36: PSUR105 | C36: Stripper Tips | D36: IIB | E36: 46234 | F36: 116 | G36: Not Started | H36: 🟢 ON TRACK | I36: No | J36: None | K36: 0
A37: TBD | B37: PSUR130 | C37: TD130 Bakri Postpartum Balloon | D37: IIa | E37: 46228 | F37: 110 | G37: Not Started | H37: 🟢 ON TRACK | I37: No | J37: None | K37: 0
A38: TBD | B38: PSUR131 | C38: TD131_Cervical Ripening Balloon (CRB) Products | D38: IIa | E38: 46332 | F38: 214 | G38: Not Started | H38: 🟢 ON TRACK | I38: No | J38: None | K38: 0
A39: TBD | B39: PSUR147 | C39: Global Total and Global HP | D39: III | E39: 46233 | F39: 115 | G39: Not Started | H39: 🟢 ON TRACK | I39: No | J39: None | K39: 0
A40: TBD | B40: PSUR148 | C40: Global Total Fert | D40: III | E40: 46255 | F40: 137 | G40: Not Started | H40: 🟢 ON TRACK | I40: No | J40: None | K40: 0
A41: TBD | B41: PSUR149 | C41: Global Total™ with HEPES, 50mL, 100mL HTF w/ HEPES, 100 mL, 500 mL Washing mHTF with HEPES & Phenol Red, 100mL, 500mL | D41: III | E41: 46262 | F41: 144 | G41: Not Started | H41: 🟢 ON TRACK | I41: No | J41: None | K41: 0
A42: TBD | B42: PSUR150 | C42: LifeGlobal™ Protein Supplement, 20mL LifeGlobal™ Protein Supplement, 50mL LifeGlobal™ Protein Supplement, 6 x 5mL Quinn's Advantage™ SPS Serum Protein Substitute 100 ml Quinn's Advantage™ SPS Serum Protein Substitute Kit, 12 x 12mL | D42: III | E42: 46283 | F42: 165 | G42: Not Started | H42: 🟢 ON TRACK | I42: No | J42: None | K42: 0
A43: TBD | B43: PSUR151 | C43: Hyaluronidase, 6 x 1 ml | D43: III | E43: 46290 | F43: 172 | G43: Not Started | H43: 🟢 ON TRACK | I43: No | J43: None | K43: 0
A44: Terence | B44: PMS002R | C44: Leisegang Coloscopes | D44: I | E44: 46113 | F44: -5 | G44: In progress | H44: 🟠 URGENT | I44: ⚠️ YES | J44: None | K44: none
A45: Terence | B45: PMS003R | C45: Ally Uterine Positioning System | D45: I | E45: 2026-01-15 | F45: N/A | G45: In Review | H45: ⚪ TBD | I45: No | J45: None | K45: Determining the denominator
A46: Terence | B46: PMS008R | C46: Endosee Hysteroscopy Product Family | D46: I | E46: 2026-03-01 | F46: - | G46: Completed | H46: ✅ DONE | I46: No | J46: None | K46: 0
A47: Terence | B47: PMS009R | C47: Comfit Trake - Nofit, NEO-prep | D47: I | E47: 0 | F47: N/A | G47: In Review | H47: ⚪ TBD | I47: No | J47: 0 | K47: 0
A48: Terence | B48: PMSR017 | C48: EZ-Grip & Comfort Rest | D48: I | E48: 2026-01-23 | F48: N/A | G48: In Review | H48: ⚪ TBD | I48: No | J48: None | K48: Need to check with Terence
A49: Terence | B49: PSUR081 | C49: Fischer cone Biopsy Electrodes | D49: IIb | E49: 46087 | F49: -31 | G49: In progress | H49: 🔴 OVERDUE | I49: ⚠️ YES | J49: None | K49: none
A50: Terence | B50: PSUR103 | C50: Micropipettes, Biopsy, ICISI_x000D__x000D__x000D_ Assisted Hatching (Mechanical and Chemical)_x000D__x000D__x000D_ Holding | D50: IIb | E50: 2/20/2026 - Immediate | F50: - | G50: Completed | H50: ✅ DONE | I50: No | J50: None | K50: CER deadline 19 January 2026
A51: Terence | B51: PSUR129 | C51: Cook Doppler blood flow monitor products | D51: IIb | E51: 46080 | F51: -38 | G51: In Review | H51: 🔴 OVERDUE | I51: ⚠️ YES | J51: None | K51: 0
A52: Terence | B52: PSUR104 | C52: HBA Biocoat | D52: I | E52: 46101 | F52: -17 | G52: In progress | H52: 🔴 OVERDUE | I52: ⚠️ YES | J52: None | K52: No available documents released in MC
A53: Terence | B53: PSUR118 | C53: OBP AnoSpec Lighted Anoscopes | D53: I | E53: 03/27/2026 - Immediate | F53: N/A | G53: Not Started | H53: ⚪ TBD | I53: No | J53: None | K53: No documents available in MC
A54: Terence | B54: PSUR144 | C54: ONETRAC & ONETRAC LX | D54: IIa | E54: 2/27/2026 - Immediate | F54: N/A | G54: In progress | H54: ⚪ TBD | I54: No | J54: None | K54: Per Jennifer tracking file need to reach out to Nancy Lynch
A55: Terence | B55: PSUR145 | C55: Unknown | D55: I | E55: 2/27/2026 - Immediate | F55: N/A | G55: In progress | H55: ⚪ TBD | I55: No | J55: None | K55: Per Jennifer tracking file need to reach out to Nancy Lynch
A56: Venkata | B56: PSUR049 | C56: Saturn 5 Laser System | D56: IIb | E56: 46094 | F56: -24 | G56: Not Started | H56: 🔴 OVERDUE | I56: ⚠️ YES | J56: None | K56: CER deadline 02 March 2026
A57: Venkata | B57: PSUR070 | C57: Medical Heatpacks | D57: IIa | E57: 46080 | F57: -38 | G57: In progress | H57: 🔴 OVERDUE | I57: ⚠️ YES | J57: None | K57: none
A58: Venkata | B58: PSUR051 | C58: EZ-Range Pipettes | D58: IIb | E58: 46164 | F58: 46 | G58: Not Started | H58: 🟡 SOON | I58: No | J58: None | K58: none
A59: Venkata | B59: PSUR077 | C59: Wallace Oocyte Recovery/Collection Sets | D59: IIa | E59: 46073 | F59: -45 | G59: In progress | H59: 🔴 OVERDUE | I59: ⚠️ YES | J59: None | K59: Routing in MC
A60: Venkata | B60: PSUR069 | C60: Lone Star Elastic Stays | D60: IIa | E60: 46179 | F60: 61 | G60: Not Started | H60: 🟢 ON TRACK | I60: No | J60: None | K60: none
A61: Venkata | B61: PSUR082 | C61: Pessary Product Family | D61: IIb | E61: 46076 | F61: - | G61: Completed | H61: ✅ DONE | I61: No | J61: None | K61: none
A62: Venkata | B62: PSUR121 | C62: Disposable Vaginal Speculums | D62: I | E62: 3/24/2026 - Immediate | F62: N/A | G62: Not Started | H62: ⚪ TBD | I62: No | J62: None | K62: none

Sheet Timeline
A1: 📅 PSUR TIMELINE — Q1 & Q2 2026 GANTT VIEW
A2: PSUR ID | B2: Writer | C2: Status | D2: Due Date | E2: Jan 1H | F2: Jan 2H | G2: Feb 1H | H2: Feb 2H | I2: Mar 1H | J2: Mar 2H | K2: Apr 1H | L2: Apr 2H | M2: May 1H | N2: May 2H | O2: Jun 1H | P2: Jun 2H | Q2: Jul+ | R2: Days Left
A3: ='Maintenance PSURs'!C2 -> PMS002R | B3: ='Maintenance PSURs'!L2 -> Terence | C3: ='Maintenance PSURs'!K2 -> In progress | D3: ='Maintenance PSURs'!J2 -> 46113 | E3: =IF(AND(ISNUMBER($D3),$D3>=DATE(2026,1,1),$D3<=DATE(2026,1,15)),"█","") | F3: =IF(AND(ISNUMBER($D3),$D3>=DATE(2026,1,16),$D3<=DATE(2026,1,31)),"█","") | G3: =IF(AND(ISNUMBER($D3),$D3>=DATE(2026,2,1),$D3<=DATE(2026,2,14)),"█","") | H3: =IF(AND(ISNUMBER($D3),$D3>=DATE(2026,2,15),$D3<=DATE(2026,2,28)),"█","") | I3: =IF(AND(ISNUMBER($D3),$D3>=DATE(2026,3,1),$D3<=DATE(2026,3,15)),"█","") | J3: =IF(AND(ISNUMBER($D3),$D3>=DATE(2026,3,16),$D3<=DATE(2026,3,31)),"█","") | K3: =IF(AND(ISNUMBER($D3),$D3>=DATE(2026,4,1),$D3<=DATE(2026,4,15)),"█","") -> █ | L3: =IF(AND(ISNUMBER($D3),$D3>=DATE(2026,4,16),$D3<=DATE(2026,4,30)),"█","") | M3: =IF(AND(ISNUMBER($D3),$D3>=DATE(2026,5,1),$D3<=DATE(2026,5,15)),"█","") | N3: =IF(AND(ISNUMBER($D3),$D3>=DATE(2026,5,16),$D3<=DATE(2026,5,31)),"█","") | O3: =IF(AND(ISNUMBER($D3),$D3>=DATE(2026,6,1),$D3<=DATE(2026,6,15)),"█","") | P3: =IF(AND(ISNUMBER($D3),$D3>=DATE(2026,6,16),$D3<=DATE(2026,6,30)),"█","") | Q3: =IF(AND(ISNUMBER($D3),$D3>DATE(2026,6,30)),"█","") | R3: ='Maintenance PSURs'!O2 -> -5
A4: ='Maintenance PSURs'!C3 -> PMS003R | B4: ='Maintenance PSURs'!L3 -> Terence | C4: ='Maintenance PSURs'!K3 -> In Review | D4: ='Maintenance PSURs'!J3 -> 2026-01-15 | E4: =IF(AND(ISNUMBER($D4),$D4>=DATE(2026,1,1),$D4<=DATE(2026,1,15)),"█","") | F4: =IF(AND(ISNUMBER($D4),$D4>=DATE(2026,1,16),$D4<=DATE(2026,1,31)),"█","") | G4: =IF(AND(ISNUMBER($D4),$D4>=DATE(2026,2,1),$D4<=DATE(2026,2,14)),"█","") | H4: =IF(AND(ISNUMBER($D4),$D4>=DATE(2026,2,15),$D4<=DATE(2026,2,28)),"█","") | I4: =IF(AND(ISNUMBER($D4),$D4>=DATE(2026,3,1),$D4<=DATE(2026,3,15)),"█","") | J4: =IF(AND(ISNUMBER($D4),$D4>=DATE(2026,3,16),$D4<=DATE(2026,3,31)),"█","") | K4: =IF(AND(ISNUMBER($D4),$D4>=DATE(2026,4,1),$D4<=DATE(2026,4,15)),"█","") | L4: =IF(AND(ISNUMBER($D4),$D4>=DATE(2026,4,16),$D4<=DATE(2026,4,30)),"█","") | M4: =IF(AND(ISNUMBER($D4),$D4>=DATE(2026,5,1),$D4<=DATE(2026,5,15)),"█","") | N4: =IF(AND(ISNUMBER($D4),$D4>=DATE(2026,5,16),$D4<=DATE(2026,5,31)),"█","") | O4: =IF(AND(ISNUMBER($D4),$D4>=DATE(2026,6,1),$D4<=DATE(2026,6,15)),"█","") | P4: =IF(AND(ISNUMBER($D4),$D4>=DATE(2026,6,16),$D4<=DATE(2026,6,30)),"█","") | Q4: =IF(AND(ISNUMBER($D4),$D4>DATE(2026,6,30)),"█","") | R4: ='Maintenance PSURs'!O3 -> N/A
A5: ='Maintenance PSURs'!C4 -> PSUR007 | B5: ='Maintenance PSURs'!L4 -> TBD | C5: ='Maintenance PSURs'!K4 -> In progress | D5: ='Maintenance PSURs'!J4 -> 46073 | E5: =IF(AND(ISNUMBER($D5),$D5>=DATE(2026,1,1),$D5<=DATE(2026,1,15)),"█","") | F5: =IF(AND(ISNUMBER($D5),$D5>=DATE(2026,1,16),$D5<=DATE(2026,1,31)),"█","") | G5: =IF(AND(ISNUMBER($D5),$D5>=DATE(2026,2,1),$D5<=DATE(2026,2,14)),"█","") | H5: =IF(AND(ISNUMBER($D5),$D5>=DATE(2026,2,15),$D5<=DATE(2026,2,28)),"█","") -> █ | I5: =IF(AND(ISNUMBER($D5),$D5>=DATE(2026,3,1),$D5<=DATE(2026,3,15)),"█","") | J5: =IF(AND(ISNUMBER($D5),$D5>=DATE(2026,3,16),$D5<=DATE(2026,3,31)),"█","") | K5: =IF(AND(ISNUMBER($D5),$D5>=DATE(2026,4,1),$D5<=DATE(2026,4,15)),"█","") | L5: =IF(AND(ISNUMBER($D5),$D5>=DATE(2026,4,16),$D5<=DATE(2026,4,30)),"█","") | M5: =IF(AND(ISNUMBER($D5),$D5>=DATE(2026,5,1),$D5<=DATE(2026,5,15)),"█","") | N5: =IF(AND(ISNUMBER($D5),$D5>=DATE(2026,5,16),$D5<=DATE(2026,5,31)),"█","") | O5: =IF(AND(ISNUMBER($D5),$D5>=DATE(2026,6,1),$D5<=DATE(2026,6,15)),"█","") | P5: =IF(AND(ISNUMBER($D5),$D5>=DATE(2026,6,16),$D5<=DATE(2026,6,30)),"█","") | Q5: =IF(AND(ISNUMBER($D5),$D5>DATE(2026,6,30)),"█","") | R5: ='Maintenance PSURs'!O4 -> -45
A6: ='Maintenance PSURs'!#REF! -> #REF! | B6: ='Maintenance PSURs'!#REF! -> #REF! | C6: ='Maintenance PSURs'!#REF! -> #REF! | D6: ='Maintenance PSURs'!#REF! -> #REF! | E6: =IF(AND(ISNUMBER($D6),$D6>=DATE(2026,1,1),$D6<=DATE(2026,1,15)),"█","") -> #REF! | F6: =IF(AND(ISNUMBER($D6),$D6>=DATE(2026,1,16),$D6<=DATE(2026,1,31)),"█","") -> #REF! | G6: =IF(AND(ISNUMBER($D6),$D6>=DATE(2026,2,1),$D6<=DATE(2026,2,14)),"█","") -> #REF! | H6: =IF(AND(ISNUMBER($D6),$D6>=DATE(2026,2,15),$D6<=DATE(2026,2,28)),"█","") -> #REF! | I6: =IF(AND(ISNUMBER($D6),$D6>=DATE(2026,3,1),$D6<=DATE(2026,3,15)),"█","") -> #REF! | J6: =IF(AND(ISNUMBER($D6),$D6>=DATE(2026,3,16),$D6<=DATE(2026,3,31)),"█","") -> #REF! | K6: =IF(AND(ISNUMBER($D6),$D6>=DATE(2026,4,1),$D6<=DATE(2026,4,15)),"█","") -> #REF! | L6: =IF(AND(ISNUMBER($D6),$D6>=DATE(2026,4,16),$D6<=DATE(2026,4,30)),"█","") -> #REF! | M6: =IF(AND(ISNUMBER($D6),$D6>=DATE(2026,5,1),$D6<=DATE(2026,5,15)),"█","") -> #REF! | N6: =IF(AND(ISNUMBER($D6),$D6>=DATE(2026,5,16),$D6<=DATE(2026,5,31)),"█","") -> #REF! | O6: =IF(AND(ISNUMBER($D6),$D6>=DATE(2026,6,1),$D6<=DATE(2026,6,15)),"█","") -> #REF! | P6: =IF(AND(ISNUMBER($D6),$D6>=DATE(2026,6,16),$D6<=DATE(2026,6,30)),"█","") -> #REF! | Q6: =IF(AND(ISNUMBER($D6),$D6>DATE(2026,6,30)),"█","") -> #REF! | R6: ='Maintenance PSURs'!#REF! -> #REF!
A7: ='Maintenance PSURs'!C5 -> PMS007R | B7: ='Maintenance PSURs'!L5 -> TBD | C7: ='Maintenance PSURs'!K5 -> Not Started | D7: ='Maintenance PSURs'!J5 -> 0 | E7: =IF(AND(ISNUMBER($D7),$D7>=DATE(2026,1,1),$D7<=DATE(2026,1,15)),"█","") | F7: =IF(AND(ISNUMBER($D7),$D7>=DATE(2026,1,16),$D7<=DATE(2026,1,31)),"█","") | G7: =IF(AND(ISNUMBER($D7),$D7>=DATE(2026,2,1),$D7<=DATE(2026,2,14)),"█","") | H7: =IF(AND(ISNUMBER($D7),$D7>=DATE(2026,2,15),$D7<=DATE(2026,2,28)),"█","") | I7: =IF(AND(ISNUMBER($D7),$D7>=DATE(2026,3,1),$D7<=DATE(2026,3,15)),"█","") | J7: =IF(AND(ISNUMBER($D7),$D7>=DATE(2026,3,16),$D7<=DATE(2026,3,31)),"█","") | K7: =IF(AND(ISNUMBER($D7),$D7>=DATE(2026,4,1),$D7<=DATE(2026,4,15)),"█","") | L7: =IF(AND(ISNUMBER($D7),$D7>=DATE(2026,4,16),$D7<=DATE(2026,4,30)),"█","") | M7: =IF(AND(ISNUMBER($D7),$D7>=DATE(2026,5,1),$D7<=DATE(2026,5,15)),"█","") | N7: =IF(AND(ISNUMBER($D7),$D7>=DATE(2026,5,16),$D7<=DATE(2026,5,31)),"█","") | O7: =IF(AND(ISNUMBER($D7),$D7>=DATE(2026,6,1),$D7<=DATE(2026,6,15)),"█","") | P7: =IF(AND(ISNUMBER($D7),$D7>=DATE(2026,6,16),$D7<=DATE(2026,6,30)),"█","") | Q7: =IF(AND(ISNUMBER($D7),$D7>DATE(2026,6,30)),"█","") | R7: ='Maintenance PSURs'!O5 -> N/A
A8: ='Maintenance PSURs'!C6 -> PMS008R | B8: ='Maintenance PSURs'!L6 -> Terence | C8: ='Maintenance PSURs'!K6 -> Completed | D8: ='Maintenance PSURs'!J6 -> 2026-03-01 | E8: =IF(AND(ISNUMBER($D8),$D8>=DATE(2026,1,1),$D8<=DATE(2026,1,15)),"█","") | F8: =IF(AND(ISNUMBER($D8),$D8>=DATE(2026,1,16),$D8<=DATE(2026,1,31)),"█","") | G8: =IF(AND(ISNUMBER($D8),$D8>=DATE(2026,2,1),$D8<=DATE(2026,2,14)),"█","") | H8: =IF(AND(ISNUMBER($D8),$D8>=DATE(2026,2,15),$D8<=DATE(2026,2,28)),"█","") | I8: =IF(AND(ISNUMBER($D8),$D8>=DATE(2026,3,1),$D8<=DATE(2026,3,15)),"█","") | J8: =IF(AND(ISNUMBER($D8),$D8>=DATE(2026,3,16),$D8<=DATE(2026,3,31)),"█","") | K8: =IF(AND(ISNUMBER($D8),$D8>=DATE(2026,4,1),$D8<=DATE(2026,4,15)),"█","") | L8: =IF(AND(ISNUMBER($D8),$D8>=DATE(2026,4,16),$D8<=DATE(2026,4,30)),"█","") | M8: =IF(AND(ISNUMBER($D8),$D8>=DATE(2026,5,1),$D8<=DATE(2026,5,15)),"█","") | N8: =IF(AND(ISNUMBER($D8),$D8>=DATE(2026,5,16),$D8<=DATE(2026,5,31)),"█","") | O8: =IF(AND(ISNUMBER($D8),$D8>=DATE(2026,6,1),$D8<=DATE(2026,6,15)),"█","") | P8: =IF(AND(ISNUMBER($D8),$D8>=DATE(2026,6,16),$D8<=DATE(2026,6,30)),"█","") | Q8: =IF(AND(ISNUMBER($D8),$D8>DATE(2026,6,30)),"█","") | R8: ='Maintenance PSURs'!O6 -> -
A9: ='Maintenance PSURs'!C7 -> PMS009R | B9: ='Maintenance PSURs'!L7 -> Terence | C9: ='Maintenance PSURs'!K7 -> In Review | D9: ='Maintenance PSURs'!J7 -> 0 | E9: =IF(AND(ISNUMBER($D9),$D9>=DATE(2026,1,1),$D9<=DATE(2026,1,15)),"█","") | F9: =IF(AND(ISNUMBER($D9),$D9>=DATE(2026,1,16),$D9<=DATE(2026,1,31)),"█","") | G9: =IF(AND(ISNUMBER($D9),$D9>=DATE(2026,2,1),$D9<=DATE(2026,2,14)),"█","") | H9: =IF(AND(ISNUMBER($D9),$D9>=DATE(2026,2,15),$D9<=DATE(2026,2,28)),"█","") | I9: =IF(AND(ISNUMBER($D9),$D9>=DATE(2026,3,1),$D9<=DATE(2026,3,15)),"█","") | J9: =IF(AND(ISNUMBER($D9),$D9>=DATE(2026,3,16),$D9<=DATE(2026,3,31)),"█","") | K9: =IF(AND(ISNUMBER($D9),$D9>=DATE(2026,4,1),$D9<=DATE(2026,4,15)),"█","") | L9: =IF(AND(ISNUMBER($D9),$D9>=DATE(2026,4,16),$D9<=DATE(2026,4,30)),"█","") | M9: =IF(AND(ISNUMBER($D9),$D9>=DATE(2026,5,1),$D9<=DATE(2026,5,15)),"█","") | N9: =IF(AND(ISNUMBER($D9),$D9>=DATE(2026,5,16),$D9<=DATE(2026,5,31)),"█","") | O9: =IF(AND(ISNUMBER($D9),$D9>=DATE(2026,6,1),$D9<=DATE(2026,6,15)),"█","") | P9: =IF(AND(ISNUMBER($D9),$D9>=DATE(2026,6,16),$D9<=DATE(2026,6,30)),"█","") | Q9: =IF(AND(ISNUMBER($D9),$D9>DATE(2026,6,30)),"█","") | R9: ='Maintenance PSURs'!O7 -> N/A
A10: ='Maintenance PSURs'!C8 -> PMS062R | B10: ='Maintenance PSURs'!L8 -> TBD | C10: ='Maintenance PSURs'!K8 -> Not Started | D10: ='Maintenance PSURs'!J8 -> Immediate | E10: =IF(AND(ISNUMBER($D10),$D10>=DATE(2026,1,1),$D10<=DATE(2026,1,15)),"█","") | F10: =IF(AND(ISNUMBER($D10),$D10>=DATE(2026,1,16),$D10<=DATE(2026,1,31)),"█","") | G10: =IF(AND(ISNUMBER($D10),$D10>=DATE(2026,2,1),$D10<=DATE(2026,2,14)),"█","") | H10: =IF(AND(ISNUMBER($D10),$D10>=DATE(2026,2,15),$D10<=DATE(2026,2,28)),"█","") | I10: =IF(AND(ISNUMBER($D10),$D10>=DATE(2026,3,1),$D10<=DATE(2026,3,15)),"█","") | J10: =IF(AND(ISNUMBER($D10),$D10>=DATE(2026,3,16),$D10<=DATE(2026,3,31)),"█","") | K10: =IF(AND(ISNUMBER($D10),$D10>=DATE(2026,4,1),$D10<=DATE(2026,4,15)),"█","") | L10: =IF(AND(ISNUMBER($D10),$D10>=DATE(2026,4,16),$D10<=DATE(2026,4,30)),"█","") | M10: =IF(AND(ISNUMBER($D10),$D10>=DATE(2026,5,1),$D10<=DATE(2026,5,15)),"█","") | N10: =IF(AND(ISNUMBER($D10),$D10>=DATE(2026,5,16),$D10<=DATE(2026,5,31)),"█","") | O10: =IF(AND(ISNUMBER($D10),$D10>=DATE(2026,6,1),$D10<=DATE(2026,6,15)),"█","") | P10: =IF(AND(ISNUMBER($D10),$D10>=DATE(2026,6,16),$D10<=DATE(2026,6,30)),"█","") | Q10: =IF(AND(ISNUMBER($D10),$D10>DATE(2026,6,30)),"█","") | R10: ='Maintenance PSURs'!O8 -> N/A
A11: ='Maintenance PSURs'!C9 -> PMS123R | B11: ='Maintenance PSURs'!L9 -> TBD | C11: ='Maintenance PSURs'!K9 -> Not Started | D11: ='Maintenance PSURs'!J9 -> 0 | E11: =IF(AND(ISNUMBER($D11),$D11>=DATE(2026,1,1),$D11<=DATE(2026,1,15)),"█","") | F11: =IF(AND(ISNUMBER($D11),$D11>=DATE(2026,1,16),$D11<=DATE(2026,1,31)),"█","") | G11: =IF(AND(ISNUMBER($D11),$D11>=DATE(2026,2,1),$D11<=DATE(2026,2,14)),"█","") | H11: =IF(AND(ISNUMBER($D11),$D11>=DATE(2026,2,15),$D11<=DATE(2026,2,28)),"█","") | I11: =IF(AND(ISNUMBER($D11),$D11>=DATE(2026,3,1),$D11<=DATE(2026,3,15)),"█","") | J11: =IF(AND(ISNUMBER($D11),$D11>=DATE(2026,3,16),$D11<=DATE(2026,3,31)),"█","") | K11: =IF(AND(ISNUMBER($D11),$D11>=DATE(2026,4,1),$D11<=DATE(2026,4,15)),"█","") | L11: =IF(AND(ISNUMBER($D11),$D11>=DATE(2026,4,16),$D11<=DATE(2026,4,30)),"█","") | M11: =IF(AND(ISNUMBER($D11),$D11>=DATE(2026,5,1),$D11<=DATE(2026,5,15)),"█","") | N11: =IF(AND(ISNUMBER($D11),$D11>=DATE(2026,5,16),$D11<=DATE(2026,5,31)),"█","") | O11: =IF(AND(ISNUMBER($D11),$D11>=DATE(2026,6,1),$D11<=DATE(2026,6,15)),"█","") | P11: =IF(AND(ISNUMBER($D11),$D11>=DATE(2026,6,16),$D11<=DATE(2026,6,30)),"█","") | Q11: =IF(AND(ISNUMBER($D11),$D11>DATE(2026,6,30)),"█","") | R11: ='Maintenance PSURs'!O9 -> N/A
A12: ='Maintenance PSURs'!C10 -> PMS124R | B12: ='Maintenance PSURs'!L10 -> TBD | C12: ='Maintenance PSURs'!K10 -> Not Started | D12: ='Maintenance PSURs'!J10 -> 0 | E12: =IF(AND(ISNUMBER($D12),$D12>=DATE(2026,1,1),$D12<=DATE(2026,1,15)),"█","") | F12: =IF(AND(ISNUMBER($D12),$D12>=DATE(2026,1,16),$D12<=DATE(2026,1,31)),"█","") | G12: =IF(AND(ISNUMBER($D12),$D12>=DATE(2026,2,1),$D12<=DATE(2026,2,14)),"█","") | H12: =IF(AND(ISNUMBER($D12),$D12>=DATE(2026,2,15),$D12<=DATE(2026,2,28)),"█","") | I12: =IF(AND(ISNUMBER($D12),$D12>=DATE(2026,3,1),$D12<=DATE(2026,3,15)),"█","") | J12: =IF(AND(ISNUMBER($D12),$D12>=DATE(2026,3,16),$D12<=DATE(2026,3,31)),"█","") | K12: =IF(AND(ISNUMBER($D12),$D12>=DATE(2026,4,1),$D12<=DATE(2026,4,15)),"█","") | L12: =IF(AND(ISNUMBER($D12),$D12>=DATE(2026,4,16),$D12<=DATE(2026,4,30)),"█","") | M12: =IF(AND(ISNUMBER($D12),$D12>=DATE(2026,5,1),$D12<=DATE(2026,5,15)),"█","") | N12: =IF(AND(ISNUMBER($D12),$D12>=DATE(2026,5,16),$D12<=DATE(2026,5,31)),"█","") | O12: =IF(AND(ISNUMBER($D12),$D12>=DATE(2026,6,1),$D12<=DATE(2026,6,15)),"█","") | P12: =IF(AND(ISNUMBER($D12),$D12>=DATE(2026,6,16),$D12<=DATE(2026,6,30)),"█","") | Q12: =IF(AND(ISNUMBER($D12),$D12>DATE(2026,6,30)),"█","") | R12: ='Maintenance PSURs'!O10 -> N/A
A13: ='Maintenance PSURs'!C11 -> PMS125R | B13: ='Maintenance PSURs'!L11 -> TBD | C13: ='Maintenance PSURs'!K11 -> Not Started | D13: ='Maintenance PSURs'!J11 -> 0 | E13: =IF(AND(ISNUMBER($D13),$D13>=DATE(2026,1,1),$D13<=DATE(2026,1,15)),"█","") | F13: =IF(AND(ISNUMBER($D13),$D13>=DATE(2026,1,16),$D13<=DATE(2026,1,31)),"█","") | G13: =IF(AND(ISNUMBER($D13),$D13>=DATE(2026,2,1),$D13<=DATE(2026,2,14)),"█","") | H13: =IF(AND(ISNUMBER($D13),$D13>=DATE(2026,2,15),$D13<=DATE(2026,2,28)),"█","") | I13: =IF(AND(ISNUMBER($D13),$D13>=DATE(2026,3,1),$D13<=DATE(2026,3,15)),"█","") | J13: =IF(AND(ISNUMBER($D13),$D13>=DATE(2026,3,16),$D13<=DATE(2026,3,31)),"█","") | K13: =IF(AND(ISNUMBER($D13),$D13>=DATE(2026,4,1),$D13<=DATE(2026,4,15)),"█","") | L13: =IF(AND(ISNUMBER($D13),$D13>=DATE(2026,4,16),$D13<=DATE(2026,4,30)),"█","") | M13: =IF(AND(ISNUMBER($D13),$D13>=DATE(2026,5,1),$D13<=DATE(2026,5,15)),"█","") | N13: =IF(AND(ISNUMBER($D13),$D13>=DATE(2026,5,16),$D13<=DATE(2026,5,31)),"█","") | O13: =IF(AND(ISNUMBER($D13),$D13>=DATE(2026,6,1),$D13<=DATE(2026,6,15)),"█","") | P13: =IF(AND(ISNUMBER($D13),$D13>=DATE(2026,6,16),$D13<=DATE(2026,6,30)),"█","") | Q13: =IF(AND(ISNUMBER($D13),$D13>DATE(2026,6,30)),"█","") | R13: ='Maintenance PSURs'!O11 -> N/A
A14: ='Maintenance PSURs'!C12 -> PMSR017 | B14: ='Maintenance PSURs'!L12 -> Terence | C14: ='Maintenance PSURs'!K12 -> In Review | D14: ='Maintenance PSURs'!J12 -> 2026-01-23 | E14: =IF(AND(ISNUMBER($D14),$D14>=DATE(2026,1,1),$D14<=DATE(2026,1,15)),"█","") | F14: =IF(AND(ISNUMBER($D14),$D14>=DATE(2026,1,16),$D14<=DATE(2026,1,31)),"█","") | G14: =IF(AND(ISNUMBER($D14),$D14>=DATE(2026,2,1),$D14<=DATE(2026,2,14)),"█","") | H14: =IF(AND(ISNUMBER($D14),$D14>=DATE(2026,2,15),$D14<=DATE(2026,2,28)),"█","") | I14: =IF(AND(ISNUMBER($D14),$D14>=DATE(2026,3,1),$D14<=DATE(2026,3,15)),"█","") | J14: =IF(AND(ISNUMBER($D14),$D14>=DATE(2026,3,16),$D14<=DATE(2026,3,31)),"█","") | K14: =IF(AND(ISNUMBER($D14),$D14>=DATE(2026,4,1),$D14<=DATE(2026,4,15)),"█","") | L14: =IF(AND(ISNUMBER($D14),$D14>=DATE(2026,4,16),$D14<=DATE(2026,4,30)),"█","") | M14: =IF(AND(ISNUMBER($D14),$D14>=DATE(2026,5,1),$D14<=DATE(2026,5,15)),"█","") | N14: =IF(AND(ISNUMBER($D14),$D14>=DATE(2026,5,16),$D14<=DATE(2026,5,31)),"█","") | O14: =IF(AND(ISNUMBER($D14),$D14>=DATE(2026,6,1),$D14<=DATE(2026,6,15)),"█","") | P14: =IF(AND(ISNUMBER($D14),$D14>=DATE(2026,6,16),$D14<=DATE(2026,6,30)),"█","") | Q14: =IF(AND(ISNUMBER($D14),$D14>DATE(2026,6,30)),"█","") | R14: ='Maintenance PSURs'!O12 -> N/A
A15: ='Maintenance PSURs'!#REF! -> #REF! | B15: ='Maintenance PSURs'!#REF! -> #REF! | C15: ='Maintenance PSURs'!#REF! -> #REF! | D15: ='Maintenance PSURs'!#REF! -> #REF! | E15: =IF(AND(ISNUMBER($D15),$D15>=DATE(2026,1,1),$D15<=DATE(2026,1,15)),"█","") -> #REF! | F15: =IF(AND(ISNUMBER($D15),$D15>=DATE(2026,1,16),$D15<=DATE(2026,1,31)),"█","") -> #REF! | G15: =IF(AND(ISNUMBER($D15),$D15>=DATE(2026,2,1),$D15<=DATE(2026,2,14)),"█","") -> #REF! | H15: =IF(AND(ISNUMBER($D15),$D15>=DATE(2026,2,15),$D15<=DATE(2026,2,28)),"█","") -> #REF! | I15: =IF(AND(ISNUMBER($D15),$D15>=DATE(2026,3,1),$D15<=DATE(2026,3,15)),"█","") -> #REF! | J15: =IF(AND(ISNUMBER($D15),$D15>=DATE(2026,3,16),$D15<=DATE(2026,3,31)),"█","") -> #REF! | K15: =IF(AND(ISNUMBER($D15),$D15>=DATE(2026,4,1),$D15<=DATE(2026,4,15)),"█","") -> #REF! | L15: =IF(AND(ISNUMBER($D15),$D15>=DATE(2026,4,16),$D15<=DATE(2026,4,30)),"█","") -> #REF! | M15: =IF(AND(ISNUMBER($D15),$D15>=DATE(2026,5,1),$D15<=DATE(2026,5,15)),"█","") -> #REF! | N15: =IF(AND(ISNUMBER($D15),$D15>=DATE(2026,5,16),$D15<=DATE(2026,5,31)),"█","") -> #REF! | O15: =IF(AND(ISNUMBER($D15),$D15>=DATE(2026,6,1),$D15<=DATE(2026,6,15)),"█","") -> #REF! | P15: =IF(AND(ISNUMBER($D15),$D15>=DATE(2026,6,16),$D15<=DATE(2026,6,30)),"█","") -> #REF! | Q15: =IF(AND(ISNUMBER($D15),$D15>DATE(2026,6,30)),"█","") -> #REF! | R15: ='Maintenance PSURs'!#REF! -> #REF!
A16: ='Maintenance PSURs'!#REF! -> #REF! | B16: ='Maintenance PSURs'!#REF! -> #REF! | C16: ='Maintenance PSURs'!#REF! -> #REF! | D16: ='Maintenance PSURs'!#REF! -> #REF! | E16: =IF(AND(ISNUMBER($D16),$D16>=DATE(2026,1,1),$D16<=DATE(2026,1,15)),"█","") -> #REF! | F16: =IF(AND(ISNUMBER($D16),$D16>=DATE(2026,1,16),$D16<=DATE(2026,1,31)),"█","") -> #REF! | G16: =IF(AND(ISNUMBER($D16),$D16>=DATE(2026,2,1),$D16<=DATE(2026,2,14)),"█","") -> #REF! | H16: =IF(AND(ISNUMBER($D16),$D16>=DATE(2026,2,15),$D16<=DATE(2026,2,28)),"█","") -> #REF! | I16: =IF(AND(ISNUMBER($D16),$D16>=DATE(2026,3,1),$D16<=DATE(2026,3,15)),"█","") -> #REF! | J16: =IF(AND(ISNUMBER($D16),$D16>=DATE(2026,3,16),$D16<=DATE(2026,3,31)),"█","") -> #REF! | K16: =IF(AND(ISNUMBER($D16),$D16>=DATE(2026,4,1),$D16<=DATE(2026,4,15)),"█","") -> #REF! | L16: =IF(AND(ISNUMBER($D16),$D16>=DATE(2026,4,16),$D16<=DATE(2026,4,30)),"█","") -> #REF! | M16: =IF(AND(ISNUMBER($D16),$D16>=DATE(2026,5,1),$D16<=DATE(2026,5,15)),"█","") -> #REF! | N16: =IF(AND(ISNUMBER($D16),$D16>=DATE(2026,5,16),$D16<=DATE(2026,5,31)),"█","") -> #REF! | O16: =IF(AND(ISNUMBER($D16),$D16>=DATE(2026,6,1),$D16<=DATE(2026,6,15)),"█","") -> #REF! | P16: =IF(AND(ISNUMBER($D16),$D16>=DATE(2026,6,16),$D16<=DATE(2026,6,30)),"█","") -> #REF! | Q16: =IF(AND(ISNUMBER($D16),$D16>DATE(2026,6,30)),"█","") -> #REF! | R16: ='Maintenance PSURs'!#REF! -> #REF!
A17: ='Maintenance PSURs'!#REF! -> #REF! | B17: ='Maintenance PSURs'!#REF! -> #REF! | C17: ='Maintenance PSURs'!#REF! -> #REF! | D17: ='Maintenance PSURs'!#REF! -> #REF! | E17: =IF(AND(ISNUMBER($D17),$D17>=DATE(2026,1,1),$D17<=DATE(2026,1,15)),"█","") -> #REF! | F17: =IF(AND(ISNUMBER($D17),$D17>=DATE(2026,1,16),$D17<=DATE(2026,1,31)),"█","") -> #REF! | G17: =IF(AND(ISNUMBER($D17),$D17>=DATE(2026,2,1),$D17<=DATE(2026,2,14)),"█","") -> #REF! | H17: =IF(AND(ISNUMBER($D17),$D17>=DATE(2026,2,15),$D17<=DATE(2026,2,28)),"█","") -> #REF! | I17: =IF(AND(ISNUMBER($D17),$D17>=DATE(2026,3,1),$D17<=DATE(2026,3,15)),"█","") -> #REF! | J17: =IF(AND(ISNUMBER($D17),$D17>=DATE(2026,3,16),$D17<=DATE(2026,3,31)),"█","") -> #REF! | K17: =IF(AND(ISNUMBER($D17),$D17>=DATE(2026,4,1),$D17<=DATE(2026,4,15)),"█","") -> #REF! | L17: =IF(AND(ISNUMBER($D17),$D17>=DATE(2026,4,16),$D17<=DATE(2026,4,30)),"█","") -> #REF! | M17: =IF(AND(ISNUMBER($D17),$D17>=DATE(2026,5,1),$D17<=DATE(2026,5,15)),"█","") -> #REF! | N17: =IF(AND(ISNUMBER($D17),$D17>=DATE(2026,5,16),$D17<=DATE(2026,5,31)),"█","") -> #REF! | O17: =IF(AND(ISNUMBER($D17),$D17>=DATE(2026,6,1),$D17<=DATE(2026,6,15)),"█","") -> #REF! | P17: =IF(AND(ISNUMBER($D17),$D17>=DATE(2026,6,16),$D17<=DATE(2026,6,30)),"█","") -> #REF! | Q17: =IF(AND(ISNUMBER($D17),$D17>DATE(2026,6,30)),"█","") -> #REF! | R17: ='Maintenance PSURs'!#REF! -> #REF!
A18: ='Maintenance PSURs'!C13 -> PSUR018 | B18: ='Maintenance PSURs'!L13 -> TBD | C18: ='Maintenance PSURs'!K13 -> Not Started | D18: ='Maintenance PSURs'!J13 -> 46290 | E18: =IF(AND(ISNUMBER($D18),$D18>=DATE(2026,1,1),$D18<=DATE(2026,1,15)),"█","") | F18: =IF(AND(ISNUMBER($D18),$D18>=DATE(2026,1,16),$D18<=DATE(2026,1,31)),"█","") | G18: =IF(AND(ISNUMBER($D18),$D18>=DATE(2026,2,1),$D18<=DATE(2026,2,14)),"█","") | H18: =IF(AND(ISNUMBER($D18),$D18>=DATE(2026,2,15),$D18<=DATE(2026,2,28)),"█","") | I18: =IF(AND(ISNUMBER($D18),$D18>=DATE(2026,3,1),$D18<=DATE(2026,3,15)),"█","") | J18: =IF(AND(ISNUMBER($D18),$D18>=DATE(2026,3,16),$D18<=DATE(2026,3,31)),"█","") | K18: =IF(AND(ISNUMBER($D18),$D18>=DATE(2026,4,1),$D18<=DATE(2026,4,15)),"█","") | L18: =IF(AND(ISNUMBER($D18),$D18>=DATE(2026,4,16),$D18<=DATE(2026,4,30)),"█","") | M18: =IF(AND(ISNUMBER($D18),$D18>=DATE(2026,5,1),$D18<=DATE(2026,5,15)),"█","") | N18: =IF(AND(ISNUMBER($D18),$D18>=DATE(2026,5,16),$D18<=DATE(2026,5,31)),"█","") | O18: =IF(AND(ISNUMBER($D18),$D18>=DATE(2026,6,1),$D18<=DATE(2026,6,15)),"█","") | P18: =IF(AND(ISNUMBER($D18),$D18>=DATE(2026,6,16),$D18<=DATE(2026,6,30)),"█","") | Q18: =IF(AND(ISNUMBER($D18),$D18>DATE(2026,6,30)),"█","") -> █ | R18: ='Maintenance PSURs'!O13 -> 172
A19: ='Maintenance PSURs'!#REF! -> #REF! | B19: ='Maintenance PSURs'!#REF! -> #REF! | C19: ='Maintenance PSURs'!#REF! -> #REF! | D19: ='Maintenance PSURs'!#REF! -> #REF! | E19: =IF(AND(ISNUMBER($D19),$D19>=DATE(2026,1,1),$D19<=DATE(2026,1,15)),"█","") -> #REF! | F19: =IF(AND(ISNUMBER($D19),$D19>=DATE(2026,1,16),$D19<=DATE(2026,1,31)),"█","") -> #REF! | G19: =IF(AND(ISNUMBER($D19),$D19>=DATE(2026,2,1),$D19<=DATE(2026,2,14)),"█","") -> #REF! | H19: =IF(AND(ISNUMBER($D19),$D19>=DATE(2026,2,15),$D19<=DATE(2026,2,28)),"█","") -> #REF! | I19: =IF(AND(ISNUMBER($D19),$D19>=DATE(2026,3,1),$D19<=DATE(2026,3,15)),"█","") -> #REF! | J19: =IF(AND(ISNUMBER($D19),$D19>=DATE(2026,3,16),$D19<=DATE(2026,3,31)),"█","") -> #REF! | K19: =IF(AND(ISNUMBER($D19),$D19>=DATE(2026,4,1),$D19<=DATE(2026,4,15)),"█","") -> #REF! | L19: =IF(AND(ISNUMBER($D19),$D19>=DATE(2026,4,16),$D19<=DATE(2026,4,30)),"█","") -> #REF! | M19: =IF(AND(ISNUMBER($D19),$D19>=DATE(2026,5,1),$D19<=DATE(2026,5,15)),"█","") -> #REF! | N19: =IF(AND(ISNUMBER($D19),$D19>=DATE(2026,5,16),$D19<=DATE(2026,5,31)),"█","") -> #REF! | O19: =IF(AND(ISNUMBER($D19),$D19>=DATE(2026,6,1),$D19<=DATE(2026,6,15)),"█","") -> #REF! | P19: =IF(AND(ISNUMBER($D19),$D19>=DATE(2026,6,16),$D19<=DATE(2026,6,30)),"█","") -> #REF! | Q19: =IF(AND(ISNUMBER($D19),$D19>DATE(2026,6,30)),"█","") -> #REF! | R19: ='Maintenance PSURs'!#REF! -> #REF!
A20: ='Maintenance PSURs'!#REF! -> #REF! | B20: ='Maintenance PSURs'!#REF! -> #REF! | C20: ='Maintenance PSURs'!#REF! -> #REF! | D20: ='Maintenance PSURs'!#REF! -> #REF! | E20: =IF(AND(ISNUMBER($D20),$D20>=DATE(2026,1,1),$D20<=DATE(2026,1,15)),"█","") -> #REF! | F20: =IF(AND(ISNUMBER($D20),$D20>=DATE(2026,1,16),$D20<=DATE(2026,1,31)),"█","") -> #REF! | G20: =IF(AND(ISNUMBER($D20),$D20>=DATE(2026,2,1),$D20<=DATE(2026,2,14)),"█","") -> #REF! | H20: =IF(AND(ISNUMBER($D20),$D20>=DATE(2026,2,15),$D20<=DATE(2026,2,28)),"█","") -> #REF! | I20: =IF(AND(ISNUMBER($D20),$D20>=DATE(2026,3,1),$D20<=DATE(2026,3,15)),"█","") -> #REF! | J20: =IF(AND(ISNUMBER($D20),$D20>=DATE(2026,3,16),$D20<=DATE(2026,3,31)),"█","") -> #REF! | K20: =IF(AND(ISNUMBER($D20),$D20>=DATE(2026,4,1),$D20<=DATE(2026,4,15)),"█","") -> #REF! | L20: =IF(AND(ISNUMBER($D20),$D20>=DATE(2026,4,16),$D20<=DATE(2026,4,30)),"█","") -> #REF! | M20: =IF(AND(ISNUMBER($D20),$D20>=DATE(2026,5,1),$D20<=DATE(2026,5,15)),"█","") -> #REF! | N20: =IF(AND(ISNUMBER($D20),$D20>=DATE(2026,5,16),$D20<=DATE(2026,5,31)),"█","") -> #REF! | O20: =IF(AND(ISNUMBER($D20),$D20>=DATE(2026,6,1),$D20<=DATE(2026,6,15)),"█","") -> #REF! | P20: =IF(AND(ISNUMBER($D20),$D20>=DATE(2026,6,16),$D20<=DATE(2026,6,30)),"█","") -> #REF! | Q20: =IF(AND(ISNUMBER($D20),$D20>DATE(2026,6,30)),"█","") -> #REF! | R20: ='Maintenance PSURs'!#REF! -> #REF!
A21: ='Maintenance PSURs'!#REF! -> #REF! | B21: ='Maintenance PSURs'!#REF! -> #REF! | C21: ='Maintenance PSURs'!#REF! -> #REF! | D21: ='Maintenance PSURs'!#REF! -> #REF! | E21: =IF(AND(ISNUMBER($D21),$D21>=DATE(2026,1,1),$D21<=DATE(2026,1,15)),"█","") -> #REF! | F21: =IF(AND(ISNUMBER($D21),$D21>=DATE(2026,1,16),$D21<=DATE(2026,1,31)),"█","") -> #REF! | G21: =IF(AND(ISNUMBER($D21),$D21>=DATE(2026,2,1),$D21<=DATE(2026,2,14)),"█","") -> #REF! | H21: =IF(AND(ISNUMBER($D21),$D21>=DATE(2026,2,15),$D21<=DATE(2026,2,28)),"█","") -> #REF! | I21: =IF(AND(ISNUMBER($D21),$D21>=DATE(2026,3,1),$D21<=DATE(2026,3,15)),"█","") -> #REF! | J21: =IF(AND(ISNUMBER($D21),$D21>=DATE(2026,3,16),$D21<=DATE(2026,3,31)),"█","") -> #REF! | K21: =IF(AND(ISNUMBER($D21),$D21>=DATE(2026,4,1),$D21<=DATE(2026,4,15)),"█","") -> #REF! | L21: =IF(AND(ISNUMBER($D21),$D21>=DATE(2026,4,16),$D21<=DATE(2026,4,30)),"█","") -> #REF! | M21: =IF(AND(ISNUMBER($D21),$D21>=DATE(2026,5,1),$D21<=DATE(2026,5,15)),"█","") -> #REF! | N21: =IF(AND(ISNUMBER($D21),$D21>=DATE(2026,5,16),$D21<=DATE(2026,5,31)),"█","") -> #REF! | O21: =IF(AND(ISNUMBER($D21),$D21>=DATE(2026,6,1),$D21<=DATE(2026,6,15)),"█","") -> #REF! | P21: =IF(AND(ISNUMBER($D21),$D21>=DATE(2026,6,16),$D21<=DATE(2026,6,30)),"█","") -> #REF! | Q21: =IF(AND(ISNUMBER($D21),$D21>DATE(2026,6,30)),"█","") -> #REF! | R21: ='Maintenance PSURs'!#REF! -> #REF!
A22: ='Maintenance PSURs'!#REF! -> #REF! | B22: ='Maintenance PSURs'!#REF! -> #REF! | C22: ='Maintenance PSURs'!#REF! -> #REF! | D22: ='Maintenance PSURs'!#REF! -> #REF! | E22: =IF(AND(ISNUMBER($D22),$D22>=DATE(2026,1,1),$D22<=DATE(2026,1,15)),"█","") -> #REF! | F22: =IF(AND(ISNUMBER($D22),$D22>=DATE(2026,1,16),$D22<=DATE(2026,1,31)),"█","") -> #REF! | G22: =IF(AND(ISNUMBER($D22),$D22>=DATE(2026,2,1),$D22<=DATE(2026,2,14)),"█","") -> #REF! | H22: =IF(AND(ISNUMBER($D22),$D22>=DATE(2026,2,15),$D22<=DATE(2026,2,28)),"█","") -> #REF! | I22: =IF(AND(ISNUMBER($D22),$D22>=DATE(2026,3,1),$D22<=DATE(2026,3,15)),"█","") -> #REF! | J22: =IF(AND(ISNUMBER($D22),$D22>=DATE(2026,3,16),$D22<=DATE(2026,3,31)),"█","") -> #REF! | K22: =IF(AND(ISNUMBER($D22),$D22>=DATE(2026,4,1),$D22<=DATE(2026,4,15)),"█","") -> #REF! | L22: =IF(AND(ISNUMBER($D22),$D22>=DATE(2026,4,16),$D22<=DATE(2026,4,30)),"█","") -> #REF! | M22: =IF(AND(ISNUMBER($D22),$D22>=DATE(2026,5,1),$D22<=DATE(2026,5,15)),"█","") -> #REF! | N22: =IF(AND(ISNUMBER($D22),$D22>=DATE(2026,5,16),$D22<=DATE(2026,5,31)),"█","") -> #REF! | O22: =IF(AND(ISNUMBER($D22),$D22>=DATE(2026,6,1),$D22<=DATE(2026,6,15)),"█","") -> #REF! | P22: =IF(AND(ISNUMBER($D22),$D22>=DATE(2026,6,16),$D22<=DATE(2026,6,30)),"█","") -> #REF! | Q22: =IF(AND(ISNUMBER($D22),$D22>DATE(2026,6,30)),"█","") -> #REF! | R22: ='Maintenance PSURs'!#REF! -> #REF!
A23: ='Maintenance PSURs'!#REF! -> #REF! | B23: ='Maintenance PSURs'!#REF! -> #REF! | C23: ='Maintenance PSURs'!#REF! -> #REF! | D23: ='Maintenance PSURs'!#REF! -> #REF! | E23: =IF(AND(ISNUMBER($D23),$D23>=DATE(2026,1,1),$D23<=DATE(2026,1,15)),"█","") -> #REF! | F23: =IF(AND(ISNUMBER($D23),$D23>=DATE(2026,1,16),$D23<=DATE(2026,1,31)),"█","") -> #REF! | G23: =IF(AND(ISNUMBER($D23),$D23>=DATE(2026,2,1),$D23<=DATE(2026,2,14)),"█","") -> #REF! | H23: =IF(AND(ISNUMBER($D23),$D23>=DATE(2026,2,15),$D23<=DATE(2026,2,28)),"█","") -> #REF! | I23: =IF(AND(ISNUMBER($D23),$D23>=DATE(2026,3,1),$D23<=DATE(2026,3,15)),"█","") -> #REF! | J23: =IF(AND(ISNUMBER($D23),$D23>=DATE(2026,3,16),$D23<=DATE(2026,3,31)),"█","") -> #REF! | K23: =IF(AND(ISNUMBER($D23),$D23>=DATE(2026,4,1),$D23<=DATE(2026,4,15)),"█","") -> #REF! | L23: =IF(AND(ISNUMBER($D23),$D23>=DATE(2026,4,16),$D23<=DATE(2026,4,30)),"█","") -> #REF! | M23: =IF(AND(ISNUMBER($D23),$D23>=DATE(2026,5,1),$D23<=DATE(2026,5,15)),"█","") -> #REF! | N23: =IF(AND(ISNUMBER($D23),$D23>=DATE(2026,5,16),$D23<=DATE(2026,5,31)),"█","") -> #REF! | O23: =IF(AND(ISNUMBER($D23),$D23>=DATE(2026,6,1),$D23<=DATE(2026,6,15)),"█","") -> #REF! | P23: =IF(AND(ISNUMBER($D23),$D23>=DATE(2026,6,16),$D23<=DATE(2026,6,30)),"█","") -> #REF! | Q23: =IF(AND(ISNUMBER($D23),$D23>DATE(2026,6,30)),"█","") -> #REF! | R23: ='Maintenance PSURs'!#REF! -> #REF!
A24: ='Maintenance PSURs'!#REF! -> #REF! | B24: ='Maintenance PSURs'!#REF! -> #REF! | C24: ='Maintenance PSURs'!#REF! -> #REF! | D24: ='Maintenance PSURs'!#REF! -> #REF! | E24: =IF(AND(ISNUMBER($D24),$D24>=DATE(2026,1,1),$D24<=DATE(2026,1,15)),"█","") -> #REF! | F24: =IF(AND(ISNUMBER($D24),$D24>=DATE(2026,1,16),$D24<=DATE(2026,1,31)),"█","") -> #REF! | G24: =IF(AND(ISNUMBER($D24),$D24>=DATE(2026,2,1),$D24<=DATE(2026,2,14)),"█","") -> #REF! | H24: =IF(AND(ISNUMBER($D24),$D24>=DATE(2026,2,15),$D24<=DATE(2026,2,28)),"█","") -> #REF! | I24: =IF(AND(ISNUMBER($D24),$D24>=DATE(2026,3,1),$D24<=DATE(2026,3,15)),"█","") -> #REF! | J24: =IF(AND(ISNUMBER($D24),$D24>=DATE(2026,3,16),$D24<=DATE(2026,3,31)),"█","") -> #REF! | K24: =IF(AND(ISNUMBER($D24),$D24>=DATE(2026,4,1),$D24<=DATE(2026,4,15)),"█","") -> #REF! | L24: =IF(AND(ISNUMBER($D24),$D24>=DATE(2026,4,16),$D24<=DATE(2026,4,30)),"█","") -> #REF! | M24: =IF(AND(ISNUMBER($D24),$D24>=DATE(2026,5,1),$D24<=DATE(2026,5,15)),"█","") -> #REF! | N24: =IF(AND(ISNUMBER($D24),$D24>=DATE(2026,5,16),$D24<=DATE(2026,5,31)),"█","") -> #REF! | O24: =IF(AND(ISNUMBER($D24),$D24>=DATE(2026,6,1),$D24<=DATE(2026,6,15)),"█","") -> #REF! | P24: =IF(AND(ISNUMBER($D24),$D24>=DATE(2026,6,16),$D24<=DATE(2026,6,30)),"█","") -> #REF! | Q24: =IF(AND(ISNUMBER($D24),$D24>DATE(2026,6,30)),"█","") -> #REF! | R24: ='Maintenance PSURs'!#REF! -> #REF!
A25: ='Maintenance PSURs'!#REF! -> #REF! | B25: ='Maintenance PSURs'!#REF! -> #REF! | C25: ='Maintenance PSURs'!#REF! -> #REF! | D25: ='Maintenance PSURs'!#REF! -> #REF! | E25: =IF(AND(ISNUMBER($D25),$D25>=DATE(2026,1,1),$D25<=DATE(2026,1,15)),"█","") -> #REF! | F25: =IF(AND(ISNUMBER($D25),$D25>=DATE(2026,1,16),$D25<=DATE(2026,1,31)),"█","") -> #REF! | G25: =IF(AND(ISNUMBER($D25),$D25>=DATE(2026,2,1),$D25<=DATE(2026,2,14)),"█","") -> #REF! | H25: =IF(AND(ISNUMBER($D25),$D25>=DATE(2026,2,15),$D25<=DATE(2026,2,28)),"█","") -> #REF! | I25: =IF(AND(ISNUMBER($D25),$D25>=DATE(2026,3,1),$D25<=DATE(2026,3,15)),"█","") -> #REF! | J25: =IF(AND(ISNUMBER($D25),$D25>=DATE(2026,3,16),$D25<=DATE(2026,3,31)),"█","") -> #REF! | K25: =IF(AND(ISNUMBER($D25),$D25>=DATE(2026,4,1),$D25<=DATE(2026,4,15)),"█","") -> #REF! | L25: =IF(AND(ISNUMBER($D25),$D25>=DATE(2026,4,16),$D25<=DATE(2026,4,30)),"█","") -> #REF! | M25: =IF(AND(ISNUMBER($D25),$D25>=DATE(2026,5,1),$D25<=DATE(2026,5,15)),"█","") -> #REF! | N25: =IF(AND(ISNUMBER($D25),$D25>=DATE(2026,5,16),$D25<=DATE(2026,5,31)),"█","") -> #REF! | O25: =IF(AND(ISNUMBER($D25),$D25>=DATE(2026,6,1),$D25<=DATE(2026,6,15)),"█","") -> #REF! | P25: =IF(AND(ISNUMBER($D25),$D25>=DATE(2026,6,16),$D25<=DATE(2026,6,30)),"█","") -> #REF! | Q25: =IF(AND(ISNUMBER($D25),$D25>DATE(2026,6,30)),"█","") -> #REF! | R25: ='Maintenance PSURs'!#REF! -> #REF!
A26: ='Maintenance PSURs'!#REF! -> #REF! | B26: ='Maintenance PSURs'!#REF! -> #REF! | C26: ='Maintenance PSURs'!#REF! -> #REF! | D26: ='Maintenance PSURs'!#REF! -> #REF! | E26: =IF(AND(ISNUMBER($D26),$D26>=DATE(2026,1,1),$D26<=DATE(2026,1,15)),"█","") -> #REF! | F26: =IF(AND(ISNUMBER($D26),$D26>=DATE(2026,1,16),$D26<=DATE(2026,1,31)),"█","") -> #REF! | G26: =IF(AND(ISNUMBER($D26),$D26>=DATE(2026,2,1),$D26<=DATE(2026,2,14)),"█","") -> #REF! | H26: =IF(AND(ISNUMBER($D26),$D26>=DATE(2026,2,15),$D26<=DATE(2026,2,28)),"█","") -> #REF! | I26: =IF(AND(ISNUMBER($D26),$D26>=DATE(2026,3,1),$D26<=DATE(2026,3,15)),"█","") -> #REF! | J26: =IF(AND(ISNUMBER($D26),$D26>=DATE(2026,3,16),$D26<=DATE(2026,3,31)),"█","") -> #REF! | K26: =IF(AND(ISNUMBER($D26),$D26>=DATE(2026,4,1),$D26<=DATE(2026,4,15)),"█","") -> #REF! | L26: =IF(AND(ISNUMBER($D26),$D26>=DATE(2026,4,16),$D26<=DATE(2026,4,30)),"█","") -> #REF! | M26: =IF(AND(ISNUMBER($D26),$D26>=DATE(2026,5,1),$D26<=DATE(2026,5,15)),"█","") -> #REF! | N26: =IF(AND(ISNUMBER($D26),$D26>=DATE(2026,5,16),$D26<=DATE(2026,5,31)),"█","") -> #REF! | O26: =IF(AND(ISNUMBER($D26),$D26>=DATE(2026,6,1),$D26<=DATE(2026,6,15)),"█","") -> #REF! | P26: =IF(AND(ISNUMBER($D26),$D26>=DATE(2026,6,16),$D26<=DATE(2026,6,30)),"█","") -> #REF! | Q26: =IF(AND(ISNUMBER($D26),$D26>DATE(2026,6,30)),"█","") -> #REF! | R26: ='Maintenance PSURs'!#REF! -> #REF!
A27: ='Maintenance PSURs'!#REF! -> #REF! | B27: ='Maintenance PSURs'!#REF! -> #REF! | C27: ='Maintenance PSURs'!#REF! -> #REF! | D27: ='Maintenance PSURs'!#REF! -> #REF! | E27: =IF(AND(ISNUMBER($D27),$D27>=DATE(2026,1,1),$D27<=DATE(2026,1,15)),"█","") -> #REF! | F27: =IF(AND(ISNUMBER($D27),$D27>=DATE(2026,1,16),$D27<=DATE(2026,1,31)),"█","") -> #REF! | G27: =IF(AND(ISNUMBER($D27),$D27>=DATE(2026,2,1),$D27<=DATE(2026,2,14)),"█","") -> #REF! | H27: =IF(AND(ISNUMBER($D27),$D27>=DATE(2026,2,15),$D27<=DATE(2026,2,28)),"█","") -> #REF! | I27: =IF(AND(ISNUMBER($D27),$D27>=DATE(2026,3,1),$D27<=DATE(2026,3,15)),"█","") -> #REF! | J27: =IF(AND(ISNUMBER($D27),$D27>=DATE(2026,3,16),$D27<=DATE(2026,3,31)),"█","") -> #REF! | K27: =IF(AND(ISNUMBER($D27),$D27>=DATE(2026,4,1),$D27<=DATE(2026,4,15)),"█","") -> #REF! | L27: =IF(AND(ISNUMBER($D27),$D27>=DATE(2026,4,16),$D27<=DATE(2026,4,30)),"█","") -> #REF! | M27: =IF(AND(ISNUMBER($D27),$D27>=DATE(2026,5,1),$D27<=DATE(2026,5,15)),"█","") -> #REF! | N27: =IF(AND(ISNUMBER($D27),$D27>=DATE(2026,5,16),$D27<=DATE(2026,5,31)),"█","") -> #REF! | O27: =IF(AND(ISNUMBER($D27),$D27>=DATE(2026,6,1),$D27<=DATE(2026,6,15)),"█","") -> #REF! | P27: =IF(AND(ISNUMBER($D27),$D27>=DATE(2026,6,16),$D27<=DATE(2026,6,30)),"█","") -> #REF! | Q27: =IF(AND(ISNUMBER($D27),$D27>DATE(2026,6,30)),"█","") -> #REF! | R27: ='Maintenance PSURs'!#REF! -> #REF!
A28: ='Maintenance PSURs'!#REF! -> #REF! | B28: ='Maintenance PSURs'!#REF! -> #REF! | C28: ='Maintenance PSURs'!#REF! -> #REF! | D28: ='Maintenance PSURs'!#REF! -> #REF! | E28: =IF(AND(ISNUMBER($D28),$D28>=DATE(2026,1,1),$D28<=DATE(2026,1,15)),"█","") -> #REF! | F28: =IF(AND(ISNUMBER($D28),$D28>=DATE(2026,1,16),$D28<=DATE(2026,1,31)),"█","") -> #REF! | G28: =IF(AND(ISNUMBER($D28),$D28>=DATE(2026,2,1),$D28<=DATE(2026,2,14)),"█","") -> #REF! | H28: =IF(AND(ISNUMBER($D28),$D28>=DATE(2026,2,15),$D28<=DATE(2026,2,28)),"█","") -> #REF! | I28: =IF(AND(ISNUMBER($D28),$D28>=DATE(2026,3,1),$D28<=DATE(2026,3,15)),"█","") -> #REF! | J28: =IF(AND(ISNUMBER($D28),$D28>=DATE(2026,3,16),$D28<=DATE(2026,3,31)),"█","") -> #REF! | K28: =IF(AND(ISNUMBER($D28),$D28>=DATE(2026,4,1),$D28<=DATE(2026,4,15)),"█","") -> #REF! | L28: =IF(AND(ISNUMBER($D28),$D28>=DATE(2026,4,16),$D28<=DATE(2026,4,30)),"█","") -> #REF! | M28: =IF(AND(ISNUMBER($D28),$D28>=DATE(2026,5,1),$D28<=DATE(2026,5,15)),"█","") -> #REF! | N28: =IF(AND(ISNUMBER($D28),$D28>=DATE(2026,5,16),$D28<=DATE(2026,5,31)),"█","") -> #REF! | O28: =IF(AND(ISNUMBER($D28),$D28>=DATE(2026,6,1),$D28<=DATE(2026,6,15)),"█","") -> #REF! | P28: =IF(AND(ISNUMBER($D28),$D28>=DATE(2026,6,16),$D28<=DATE(2026,6,30)),"█","") -> #REF! | Q28: =IF(AND(ISNUMBER($D28),$D28>DATE(2026,6,30)),"█","") -> #REF! | R28: ='Maintenance PSURs'!#REF! -> #REF!
A29: ='Maintenance PSURs'!#REF! -> #REF! | B29: ='Maintenance PSURs'!#REF! -> #REF! | C29: ='Maintenance PSURs'!#REF! -> #REF! | D29: ='Maintenance PSURs'!#REF! -> #REF! | E29: =IF(AND(ISNUMBER($D29),$D29>=DATE(2026,1,1),$D29<=DATE(2026,1,15)),"█","") -> #REF! | F29: =IF(AND(ISNUMBER($D29),$D29>=DATE(2026,1,16),$D29<=DATE(2026,1,31)),"█","") -> #REF! | G29: =IF(AND(ISNUMBER($D29),$D29>=DATE(2026,2,1),$D29<=DATE(2026,2,14)),"█","") -> #REF! | H29: =IF(AND(ISNUMBER($D29),$D29>=DATE(2026,2,15),$D29<=DATE(2026,2,28)),"█","") -> #REF! | I29: =IF(AND(ISNUMBER($D29),$D29>=DATE(2026,3,1),$D29<=DATE(2026,3,15)),"█","") -> #REF! | J29: =IF(AND(ISNUMBER($D29),$D29>=DATE(2026,3,16),$D29<=DATE(2026,3,31)),"█","") -> #REF! | K29: =IF(AND(ISNUMBER($D29),$D29>=DATE(2026,4,1),$D29<=DATE(2026,4,15)),"█","") -> #REF! | L29: =IF(AND(ISNUMBER($D29),$D29>=DATE(2026,4,16),$D29<=DATE(2026,4,30)),"█","") -> #REF! | M29: =IF(AND(ISNUMBER($D29),$D29>=DATE(2026,5,1),$D29<=DATE(2026,5,15)),"█","") -> #REF! | N29: =IF(AND(ISNUMBER($D29),$D29>=DATE(2026,5,16),$D29<=DATE(2026,5,31)),"█","") -> #REF! | O29: =IF(AND(ISNUMBER($D29),$D29>=DATE(2026,6,1),$D29<=DATE(2026,6,15)),"█","") -> #REF! | P29: =IF(AND(ISNUMBER($D29),$D29>=DATE(2026,6,16),$D29<=DATE(2026,6,30)),"█","") -> #REF! | Q29: =IF(AND(ISNUMBER($D29),$D29>DATE(2026,6,30)),"█","") -> #REF! | R29: ='Maintenance PSURs'!#REF! -> #REF!
A30: ='Maintenance PSURs'!#REF! -> #REF! | B30: ='Maintenance PSURs'!#REF! -> #REF! | C30: ='Maintenance PSURs'!#REF! -> #REF! | D30: ='Maintenance PSURs'!#REF! -> #REF! | E30: =IF(AND(ISNUMBER($D30),$D30>=DATE(2026,1,1),$D30<=DATE(2026,1,15)),"█","") -> #REF! | F30: =IF(AND(ISNUMBER($D30),$D30>=DATE(2026,1,16),$D30<=DATE(2026,1,31)),"█","") -> #REF! | G30: =IF(AND(ISNUMBER($D30),$D30>=DATE(2026,2,1),$D30<=DATE(2026,2,14)),"█","") -> #REF! | H30: =IF(AND(ISNUMBER($D30),$D30>=DATE(2026,2,15),$D30<=DATE(2026,2,28)),"█","") -> #REF! | I30: =IF(AND(ISNUMBER($D30),$D30>=DATE(2026,3,1),$D30<=DATE(2026,3,15)),"█","") -> #REF! | J30: =IF(AND(ISNUMBER($D30),$D30>=DATE(2026,3,16),$D30<=DATE(2026,3,31)),"█","") -> #REF! | K30: =IF(AND(ISNUMBER($D30),$D30>=DATE(2026,4,1),$D30<=DATE(2026,4,15)),"█","") -> #REF! | L30: =IF(AND(ISNUMBER($D30),$D30>=DATE(2026,4,16),$D30<=DATE(2026,4,30)),"█","") -> #REF! | M30: =IF(AND(ISNUMBER($D30),$D30>=DATE(2026,5,1),$D30<=DATE(2026,5,15)),"█","") -> #REF! | N30: =IF(AND(ISNUMBER($D30),$D30>=DATE(2026,5,16),$D30<=DATE(2026,5,31)),"█","") -> #REF! | O30: =IF(AND(ISNUMBER($D30),$D30>=DATE(2026,6,1),$D30<=DATE(2026,6,15)),"█","") -> #REF! | P30: =IF(AND(ISNUMBER($D30),$D30>=DATE(2026,6,16),$D30<=DATE(2026,6,30)),"█","") -> #REF! | Q30: =IF(AND(ISNUMBER($D30),$D30>DATE(2026,6,30)),"█","") -> #REF! | R30: ='Maintenance PSURs'!#REF! -> #REF!
... A34: ='Maintenance PSURs'!#REF! -> #REF! | B34: ='Maintenance PSURs'!#REF! -> #REF! | C34: ='Maintenance PSURs'!#REF! -> #REF! | D34: ='Maintenance PSURs'!#REF! -> #REF! | E34: =IF(AND(ISNUMBER($D34),$D34>=DATE(2026,1,1),$D34<=DATE(2026,1,15)),"█","") -> #REF! | F34: =IF(AND(ISNUMBER($D34),$D34>=DATE(2026,1,16),$D34<=DATE(2026,1,31)),"█","") -> #REF! | G34: =IF(AND(ISNUMBER($D34),$D34>=DATE(2026,2,1),$D34<=DATE(2026,2,14)),"█","") -> #REF! | H34: =IF(AND(ISNUMBER($D34),$D34>=DATE(2026,2,15),$D34<=DATE(2026,2,28)),"█","") -> #REF! | I34: =IF(AND(ISNUMBER($D34),$D34>=DATE(2026,3,1),$D34<=DATE(2026,3,15)),"█","") -> #REF! | J34: =IF(AND(ISNUMBER($D34),$D34>=DATE(2026,3,16),$D34<=DATE(2026,3,31)),"█","") -> #REF! | K34: =IF(AND(ISNUMBER($D34),$D34>=DATE(2026,4,1),$D34<=DATE(2026,4,15)),"█","") -> #REF! | L34: =IF(AND(ISNUMBER($D34),$D34>=DATE(2026,4,16),$D34<=DATE(2026,4,30)),"█","") -> #REF! | M34: =IF(AND(ISNUMBER($D34),$D34>=DATE(2026,5,1),$D34<=DATE(2026,5,15)),"█","") -> #REF! | N34: =IF(AND(ISNUMBER($D34),$D34>=DATE(2026,5,16),$D34<=DATE(2026,5,31)),"█","") -> #REF! | O34: =IF(AND(ISNUMBER($D34),$D34>=DATE(2026,6,1),$D34<=DATE(2026,6,15)),"█","") -> #REF! | P34: =IF(AND(ISNUMBER($D34),$D34>=DATE(2026,6,16),$D34<=DATE(2026,6,30)),"█","") -> #REF! | Q34: =IF(AND(ISNUMBER($D34),$D34>DATE(2026,6,30)),"█","") -> #REF! | R34: ='Maintenance PSURs'!#REF! -> #REF!
A35: ='Maintenance PSURs'!C14 -> PSUR039 | B35: ='Maintenance PSURs'!L14 -> Harish | C35: ='Maintenance PSURs'!K14 -> In progress | D35: ='Maintenance PSURs'!J14 -> 46112 | E35: =IF(AND(ISNUMBER($D35),$D35>=DATE(2026,1,1),$D35<=DATE(2026,1,15)),"█","") | F35: =IF(AND(ISNUMBER($D35),$D35>=DATE(2026,1,16),$D35<=DATE(2026,1,31)),"█","") | G35: =IF(AND(ISNUMBER($D35),$D35>=DATE(2026,2,1),$D35<=DATE(2026,2,14)),"█","") | H35: =IF(AND(ISNUMBER($D35),$D35>=DATE(2026,2,15),$D35<=DATE(2026,2,28)),"█","") | I35: =IF(AND(ISNUMBER($D35),$D35>=DATE(2026,3,1),$D35<=DATE(2026,3,15)),"█","") | J35: =IF(AND(ISNUMBER($D35),$D35>=DATE(2026,3,16),$D35<=DATE(2026,3,31)),"█","") -> █ | K35: =IF(AND(ISNUMBER($D35),$D35>=DATE(2026,4,1),$D35<=DATE(2026,4,15)),"█","") | L35: =IF(AND(ISNUMBER($D35),$D35>=DATE(2026,4,16),$D35<=DATE(2026,4,30)),"█","") | M35: =IF(AND(ISNUMBER($D35),$D35>=DATE(2026,5,1),$D35<=DATE(2026,5,15)),"█","") | N35: =IF(AND(ISNUMBER($D35),$D35>=DATE(2026,5,16),$D35<=DATE(2026,5,31)),"█","") | O35: =IF(AND(ISNUMBER($D35),$D35>=DATE(2026,6,1),$D35<=DATE(2026,6,15)),"█","") | P35: =IF(AND(ISNUMBER($D35),$D35>=DATE(2026,6,16),$D35<=DATE(2026,6,30)),"█","") | Q35: =IF(AND(ISNUMBER($D35),$D35>DATE(2026,6,30)),"█","") | R35: ='Maintenance PSURs'!O14 -> -6
A36: ='Maintenance PSURs'!C15 -> PSUR041 | B36: ='Maintenance PSURs'!L15 -> Jeff | C36: ='Maintenance PSURs'!K15 -> Not Started | D36: ='Maintenance PSURs'!J15 -> 46157 | E36: =IF(AND(ISNUMBER($D36),$D36>=DATE(2026,1,1),$D36<=DATE(2026,1,15)),"█","") | F36: =IF(AND(ISNUMBER($D36),$D36>=DATE(2026,1,16),$D36<=DATE(2026,1,31)),"█","") | G36: =IF(AND(ISNUMBER($D36),$D36>=DATE(2026,2,1),$D36<=DATE(2026,2,14)),"█","") | H36: =IF(AND(ISNUMBER($D36),$D36>=DATE(2026,2,15),$D36<=DATE(2026,2,28)),"█","") | I36: =IF(AND(ISNUMBER($D36),$D36>=DATE(2026,3,1),$D36<=DATE(2026,3,15)),"█","") | J36: =IF(AND(ISNUMBER($D36),$D36>=DATE(2026,3,16),$D36<=DATE(2026,3,31)),"█","") | K36: =IF(AND(ISNUMBER($D36),$D36>=DATE(2026,4,1),$D36<=DATE(2026,4,15)),"█","") | L36: =IF(AND(ISNUMBER($D36),$D36>=DATE(2026,4,16),$D36<=DATE(2026,4,30)),"█","") | M36: =IF(AND(ISNUMBER($D36),$D36>=DATE(2026,5,1),$D36<=DATE(2026,5,15)),"█","") -> █ | N36: =IF(AND(ISNUMBER($D36),$D36>=DATE(2026,5,16),$D36<=DATE(2026,5,31)),"█","") | O36: =IF(AND(ISNUMBER($D36),$D36>=DATE(2026,6,1),$D36<=DATE(2026,6,15)),"█","") | P36: =IF(AND(ISNUMBER($D36),$D36>=DATE(2026,6,16),$D36<=DATE(2026,6,30)),"█","") | Q36: =IF(AND(ISNUMBER($D36),$D36>DATE(2026,6,30)),"█","") | R36: ='Maintenance PSURs'!O15 -> 39
A37: ='Maintenance PSURs'!C16 -> PSUR044 | B37: ='Maintenance PSURs'!L16 -> Jeff | C37: ='Maintenance PSURs'!K16 -> Not Started | D37: ='Maintenance PSURs'!J16 -> 46150 | E37: =IF(AND(ISNUMBER($D37),$D37>=DATE(2026,1,1),$D37<=DATE(2026,1,15)),"█","") | F37: =IF(AND(ISNUMBER($D37),$D37>=DATE(2026,1,16),$D37<=DATE(2026,1,31)),"█","") | G37: =IF(AND(ISNUMBER($D37),$D37>=DATE(2026,2,1),$D37<=DATE(2026,2,14)),"█","") | H37: =IF(AND(ISNUMBER($D37),$D37>=DATE(2026,2,15),$D37<=DATE(2026,2,28)),"█","") | I37: =IF(AND(ISNUMBER($D37),$D37>=DATE(2026,3,1),$D37<=DATE(2026,3,15)),"█","") | J37: =IF(AND(ISNUMBER($D37),$D37>=DATE(2026,3,16),$D37<=DATE(2026,3,31)),"█","") | K37: =IF(AND(ISNUMBER($D37),$D37>=DATE(2026,4,1),$D37<=DATE(2026,4,15)),"█","") | L37: =IF(AND(ISNUMBER($D37),$D37>=DATE(2026,4,16),$D37<=DATE(2026,4,30)),"█","") | M37: =IF(AND(ISNUMBER($D37),$D37>=DATE(2026,5,1),$D37<=DATE(2026,5,15)),"█","") -> █ | N37: =IF(AND(ISNUMBER($D37),$D37>=DATE(2026,5,16),$D37<=DATE(2026,5,31)),"█","") | O37: =IF(AND(ISNUMBER($D37),$D37>=DATE(2026,6,1),$D37<=DATE(2026,6,15)),"█","") | P37: =IF(AND(ISNUMBER($D37),$D37>=DATE(2026,6,16),$D37<=DATE(2026,6,30)),"█","") | Q37: =IF(AND(ISNUMBER($D37),$D37>DATE(2026,6,30)),"█","") | R37: ='Maintenance PSURs'!O16 -> 32
A38: ='Maintenance PSURs'!C17 -> PSUR049 | B38: ='Maintenance PSURs'!L17 -> Venkata | C38: ='Maintenance PSURs'!K17 -> Not Started | D38: ='Maintenance PSURs'!J17 -> 46094 | E38: =IF(AND(ISNUMBER($D38),$D38>=DATE(2026,1,1),$D38<=DATE(2026,1,15)),"█","") | F38: =IF(AND(ISNUMBER($D38),$D38>=DATE(2026,1,16),$D38<=DATE(2026,1,31)),"█","") | G38: =IF(AND(ISNUMBER($D38),$D38>=DATE(2026,2,1),$D38<=DATE(2026,2,14)),"█","") | H38: =IF(AND(ISNUMBER($D38),$D38>=DATE(2026,2,15),$D38<=DATE(2026,2,28)),"█","") | I38: =IF(AND(ISNUMBER($D38),$D38>=DATE(2026,3,1),$D38<=DATE(2026,3,15)),"█","") -> █ | J38: =IF(AND(ISNUMBER($D38),$D38>=DATE(2026,3,16),$D38<=DATE(2026,3,31)),"█","") | K38: =IF(AND(ISNUMBER($D38),$D38>=DATE(2026,4,1),$D38<=DATE(2026,4,15)),"█","") | L38: =IF(AND(ISNUMBER($D38),$D38>=DATE(2026,4,16),$D38<=DATE(2026,4,30)),"█","") | M38: =IF(AND(ISNUMBER($D38),$D38>=DATE(2026,5,1),$D38<=DATE(2026,5,15)),"█","") | N38: =IF(AND(ISNUMBER($D38),$D38>=DATE(2026,5,16),$D38<=DATE(2026,5,31)),"█","") | O38: =IF(AND(ISNUMBER($D38),$D38>=DATE(2026,6,1),$D38<=DATE(2026,6,15)),"█","") | P38: =IF(AND(ISNUMBER($D38),$D38>=DATE(2026,6,16),$D38<=DATE(2026,6,30)),"█","") | Q38: =IF(AND(ISNUMBER($D38),$D38>DATE(2026,6,30)),"█","") | R38: ='Maintenance PSURs'!O17 -> -24
A39: ='Maintenance PSURs'!C18 -> PSUR050 | B39: ='Maintenance PSURs'!L18 -> Jeff | C39: ='Maintenance PSURs'!K18 -> In Review | D39: ='Maintenance PSURs'!J18 -> 46080 | E39: =IF(AND(ISNUMBER($D39),$D39>=DATE(2026,1,1),$D39<=DATE(2026,1,15)),"█","") | F39: =IF(AND(ISNUMBER($D39),$D39>=DATE(2026,1,16),$D39<=DATE(2026,1,31)),"█","") | G39: =IF(AND(ISNUMBER($D39),$D39>=DATE(2026,2,1),$D39<=DATE(2026,2,14)),"█","") | H39: =IF(AND(ISNUMBER($D39),$D39>=DATE(2026,2,15),$D39<=DATE(2026,2,28)),"█","") -> █ | I39: =IF(AND(ISNUMBER($D39),$D39>=DATE(2026,3,1),$D39<=DATE(2026,3,15)),"█","") | J39: =IF(AND(ISNUMBER($D39),$D39>=DATE(2026,3,16),$D39<=DATE(2026,3,31)),"█","") | K39: =IF(AND(ISNUMBER($D39),$D39>=DATE(2026,4,1),$D39<=DATE(2026,4,15)),"█","") | L39: =IF(AND(ISNUMBER($D39),$D39>=DATE(2026,4,16),$D39<=DATE(2026,4,30)),"█","") | M39: =IF(AND(ISNUMBER($D39),$D39>=DATE(2026,5,1),$D39<=DATE(2026,5,15)),"█","") | N39: =IF(AND(ISNUMBER($D39),$D39>=DATE(2026,5,16),$D39<=DATE(2026,5,31)),"█","") | O39: =IF(AND(ISNUMBER($D39),$D39>=DATE(2026,6,1),$D39<=DATE(2026,6,15)),"█","") | P39: =IF(AND(ISNUMBER($D39),$D39>=DATE(2026,6,16),$D39<=DATE(2026,6,30)),"█","") | Q39: =IF(AND(ISNUMBER($D39),$D39>DATE(2026,6,30)),"█","") | R39: ='Maintenance PSURs'!O18 -> -38
A40: ='Maintenance PSURs'!C19 -> PSUR070 | B40: ='Maintenance PSURs'!L19 -> Venkata | C40: ='Maintenance PSURs'!K19 -> In progress | D40: ='Maintenance PSURs'!J19 -> 46080 | E40: =IF(AND(ISNUMBER($D40),$D40>=DATE(2026,1,1),$D40<=DATE(2026,1,15)),"█","") | F40: =IF(AND(ISNUMBER($D40),$D40>=DATE(2026,1,16),$D40<=DATE(2026,1,31)),"█","") | G40: =IF(AND(ISNUMBER($D40),$D40>=DATE(2026,2,1),$D40<=DATE(2026,2,14)),"█","") | H40: =IF(AND(ISNUMBER($D40),$D40>=DATE(2026,2,15),$D40<=DATE(2026,2,28)),"█","") -> █ | I40: =IF(AND(ISNUMBER($D40),$D40>=DATE(2026,3,1),$D40<=DATE(2026,3,15)),"█","") | J40: =IF(AND(ISNUMBER($D40),$D40>=DATE(2026,3,16),$D40<=DATE(2026,3,31)),"█","") | K40: =IF(AND(ISNUMBER($D40),$D40>=DATE(2026,4,1),$D40<=DATE(2026,4,15)),"█","") | L40: =IF(AND(ISNUMBER($D40),$D40>=DATE(2026,4,16),$D40<=DATE(2026,4,30)),"█","") | M40: =IF(AND(ISNUMBER($D40),$D40>=DATE(2026,5,1),$D40<=DATE(2026,5,15)),"█","") | N40: =IF(AND(ISNUMBER($D40),$D40>=DATE(2026,5,16),$D40<=DATE(2026,5,31)),"█","") | O40: =IF(AND(ISNUMBER($D40),$D40>=DATE(2026,6,1),$D40<=DATE(2026,6,15)),"█","") | P40: =IF(AND(ISNUMBER($D40),$D40>=DATE(2026,6,16),$D40<=DATE(2026,6,30)),"█","") | Q40: =IF(AND(ISNUMBER($D40),$D40>DATE(2026,6,30)),"█","") | R40: ='Maintenance PSURs'!O19 -> -38
A41: ='Maintenance PSURs'!#REF! -> #REF! | B41: ='Maintenance PSURs'!#REF! -> #REF! | C41: ='Maintenance PSURs'!#REF! -> #REF! | D41: ='Maintenance PSURs'!#REF! -> #REF! | E41: =IF(AND(ISNUMBER($D41),$D41>=DATE(2026,1,1),$D41<=DATE(2026,1,15)),"█","") -> #REF! | F41: =IF(AND(ISNUMBER($D41),$D41>=DATE(2026,1,16),$D41<=DATE(2026,1,31)),"█","") -> #REF! | G41: =IF(AND(ISNUMBER($D41),$D41>=DATE(2026,2,1),$D41<=DATE(2026,2,14)),"█","") -> #REF! | H41: =IF(AND(ISNUMBER($D41),$D41>=DATE(2026,2,15),$D41<=DATE(2026,2,28)),"█","") -> #REF! | I41: =IF(AND(ISNUMBER($D41),$D41>=DATE(2026,3,1),$D41<=DATE(2026,3,15)),"█","") -> #REF! | J41: =IF(AND(ISNUMBER($D41),$D41>=DATE(2026,3,16),$D41<=DATE(2026,3,31)),"█","") -> #REF! | K41: =IF(AND(ISNUMBER($D41),$D41>=DATE(2026,4,1),$D41<=DATE(2026,4,15)),"█","") -> #REF! | L41: =IF(AND(ISNUMBER($D41),$D41>=DATE(2026,4,16),$D41<=DATE(2026,4,30)),"█","") -> #REF! | M41: =IF(AND(ISNUMBER($D41),$D41>=DATE(2026,5,1),$D41<=DATE(2026,5,15)),"█","") -> #REF! | N41: =IF(AND(ISNUMBER($D41),$D41>=DATE(2026,5,16),$D41<=DATE(2026,5,31)),"█","") -> #REF! | O41: =IF(AND(ISNUMBER($D41),$D41>=DATE(2026,6,1),$D41<=DATE(2026,6,15)),"█","") -> #REF! | P41: =IF(AND(ISNUMBER($D41),$D41>=DATE(2026,6,16),$D41<=DATE(2026,6,30)),"█","") -> #REF! | Q41: =IF(AND(ISNUMBER($D41),$D41>DATE(2026,6,30)),"█","") -> #REF! | R41: ='Maintenance PSURs'!#REF! -> #REF!
A42: ='Maintenance PSURs'!#REF! -> #REF! | B42: ='Maintenance PSURs'!#REF! -> #REF! | C42: ='Maintenance PSURs'!#REF! -> #REF! | D42: ='Maintenance PSURs'!#REF! -> #REF! | E42: =IF(AND(ISNUMBER($D42),$D42>=DATE(2026,1,1),$D42<=DATE(2026,1,15)),"█","") -> #REF! | F42: =IF(AND(ISNUMBER($D42),$D42>=DATE(2026,1,16),$D42<=DATE(2026,1,31)),"█","") -> #REF! | G42: =IF(AND(ISNUMBER($D42),$D42>=DATE(2026,2,1),$D42<=DATE(2026,2,14)),"█","") -> #REF! | H42: =IF(AND(ISNUMBER($D42),$D42>=DATE(2026,2,15),$D42<=DATE(2026,2,28)),"█","") -> #REF! | I42: =IF(AND(ISNUMBER($D42),$D42>=DATE(2026,3,1),$D42<=DATE(2026,3,15)),"█","") -> #REF! | J42: =IF(AND(ISNUMBER($D42),$D42>=DATE(2026,3,16),$D42<=DATE(2026,3,31)),"█","") -> #REF! | K42: =IF(AND(ISNUMBER($D42),$D42>=DATE(2026,4,1),$D42<=DATE(2026,4,15)),"█","") -> #REF! | L42: =IF(AND(ISNUMBER($D42),$D42>=DATE(2026,4,16),$D42<=DATE(2026,4,30)),"█","") -> #REF! | M42: =IF(AND(ISNUMBER($D42),$D42>=DATE(2026,5,1),$D42<=DATE(2026,5,15)),"█","") -> #REF! | N42: =IF(AND(ISNUMBER($D42),$D42>=DATE(2026,5,16),$D42<=DATE(2026,5,31)),"█","") -> #REF! | O42: =IF(AND(ISNUMBER($D42),$D42>=DATE(2026,6,1),$D42<=DATE(2026,6,15)),"█","") -> #REF! | P42: =IF(AND(ISNUMBER($D42),$D42>=DATE(2026,6,16),$D42<=DATE(2026,6,30)),"█","") -> #REF! | Q42: =IF(AND(ISNUMBER($D42),$D42>DATE(2026,6,30)),"█","") -> #REF! | R42: ='Maintenance PSURs'!#REF! -> #REF!
A43: ='Maintenance PSURs'!C20 -> PSUR047 | B43: ='Maintenance PSURs'!L20 -> TBD | C43: ='Maintenance PSURs'!K20 -> Not Started | D43: ='Maintenance PSURs'!J20 -> 46233 | E43: =IF(AND(ISNUMBER($D43),$D43>=DATE(2026,1,1),$D43<=DATE(2026,1,15)),"█","") | F43: =IF(AND(ISNUMBER($D43),$D43>=DATE(2026,1,16),$D43<=DATE(2026,1,31)),"█","") | G43: =IF(AND(ISNUMBER($D43),$D43>=DATE(2026,2,1),$D43<=DATE(2026,2,14)),"█","") | H43: =IF(AND(ISNUMBER($D43),$D43>=DATE(2026,2,15),$D43<=DATE(2026,2,28)),"█","") | I43: =IF(AND(ISNUMBER($D43),$D43>=DATE(2026,3,1),$D43<=DATE(2026,3,15)),"█","") | J43: =IF(AND(ISNUMBER($D43),$D43>=DATE(2026,3,16),$D43<=DATE(2026,3,31)),"█","") | K43: =IF(AND(ISNUMBER($D43),$D43>=DATE(2026,4,1),$D43<=DATE(2026,4,15)),"█","") | L43: =IF(AND(ISNUMBER($D43),$D43>=DATE(2026,4,16),$D43<=DATE(2026,4,30)),"█","") | M43: =IF(AND(ISNUMBER($D43),$D43>=DATE(2026,5,1),$D43<=DATE(2026,5,15)),"█","") | N43: =IF(AND(ISNUMBER($D43),$D43>=DATE(2026,5,16),$D43<=DATE(2026,5,31)),"█","") | O43: =IF(AND(ISNUMBER($D43),$D43>=DATE(2026,6,1),$D43<=DATE(2026,6,15)),"█","") | P43: =IF(AND(ISNUMBER($D43),$D43>=DATE(2026,6,16),$D43<=DATE(2026,6,30)),"█","") | Q43: =IF(AND(ISNUMBER($D43),$D43>DATE(2026,6,30)),"█","") -> █ | R43: ='Maintenance PSURs'!O20 -> 115
A44: ='Maintenance PSURs'!C21 -> PSUR048 | B44: ='Maintenance PSURs'!L21 -> TBD | C44: ='Maintenance PSURs'!K21 -> Not Started | D44: ='Maintenance PSURs'!J21 -> 46233 | E44: =IF(AND(ISNUMBER($D44),$D44>=DATE(2026,1,1),$D44<=DATE(2026,1,15)),"█","") | F44: =IF(AND(ISNUMBER($D44),$D44>=DATE(2026,1,16),$D44<=DATE(2026,1,31)),"█","") | G44: =IF(AND(ISNUMBER($D44),$D44>=DATE(2026,2,1),$D44<=DATE(2026,2,14)),"█","") | H44: =IF(AND(ISNUMBER($D44),$D44>=DATE(2026,2,15),$D44<=DATE(2026,2,28)),"█","") | I44: =IF(AND(ISNUMBER($D44),$D44>=DATE(2026,3,1),$D44<=DATE(2026,3,15)),"█","") | J44: =IF(AND(ISNUMBER($D44),$D44>=DATE(2026,3,16),$D44<=DATE(2026,3,31)),"█","") | K44: =IF(AND(ISNUMBER($D44),$D44>=DATE(2026,4,1),$D44<=DATE(2026,4,15)),"█","") | L44: =IF(AND(ISNUMBER($D44),$D44>=DATE(2026,4,16),$D44<=DATE(2026,4,30)),"█","") | M44: =IF(AND(ISNUMBER($D44),$D44>=DATE(2026,5,1),$D44<=DATE(2026,5,15)),"█","") | N44: =IF(AND(ISNUMBER($D44),$D44>=DATE(2026,5,16),$D44<=DATE(2026,5,31)),"█","") | O44: =IF(AND(ISNUMBER($D44),$D44>=DATE(2026,6,1),$D44<=DATE(2026,6,15)),"█","") | P44: =IF(AND(ISNUMBER($D44),$D44>=DATE(2026,6,16),$D44<=DATE(2026,6,30)),"█","") | Q44: =IF(AND(ISNUMBER($D44),$D44>DATE(2026,6,30)),"█","") -> █ | R44: ='Maintenance PSURs'!O21 -> 115
A45: ='Maintenance PSURs'!C22 -> PSUR071 | B45: ='Maintenance PSURs'!L22 -> Jeff | C45: ='Maintenance PSURs'!K22 -> In progress | D45: ='Maintenance PSURs'!J22 -> 46094 | E45: =IF(AND(ISNUMBER($D45),$D45>=DATE(2026,1,1),$D45<=DATE(2026,1,15)),"█","") | F45: =IF(AND(ISNUMBER($D45),$D45>=DATE(2026,1,16),$D45<=DATE(2026,1,31)),"█","") | G45: =IF(AND(ISNUMBER($D45),$D45>=DATE(2026,2,1),$D45<=DATE(2026,2,14)),"█","") | H45: =IF(AND(ISNUMBER($D45),$D45>=DATE(2026,2,15),$D45<=DATE(2026,2,28)),"█","") | I45: =IF(AND(ISNUMBER($D45),$D45>=DATE(2026,3,1),$D45<=DATE(2026,3,15)),"█","") -> █ | J45: =IF(AND(ISNUMBER($D45),$D45>=DATE(2026,3,16),$D45<=DATE(2026,3,31)),"█","") | K45: =IF(AND(ISNUMBER($D45),$D45>=DATE(2026,4,1),$D45<=DATE(2026,4,15)),"█","") | L45: =IF(AND(ISNUMBER($D45),$D45>=DATE(2026,4,16),$D45<=DATE(2026,4,30)),"█","") | M45: =IF(AND(ISNUMBER($D45),$D45>=DATE(2026,5,1),$D45<=DATE(2026,5,15)),"█","") | N45: =IF(AND(ISNUMBER($D45),$D45>=DATE(2026,5,16),$D45<=DATE(2026,5,31)),"█","") | O45: =IF(AND(ISNUMBER($D45),$D45>=DATE(2026,6,1),$D45<=DATE(2026,6,15)),"█","") | P45: =IF(AND(ISNUMBER($D45),$D45>=DATE(2026,6,16),$D45<=DATE(2026,6,30)),"█","") | Q45: =IF(AND(ISNUMBER($D45),$D45>DATE(2026,6,30)),"█","") | R45: ='Maintenance PSURs'!O22 -> -24
A46: ='Maintenance PSURs'!#REF! -> #REF! | B46: ='Maintenance PSURs'!#REF! -> #REF! | C46: ='Maintenance PSURs'!#REF! -> #REF! | D46: ='Maintenance PSURs'!#REF! -> #REF! | E46: =IF(AND(ISNUMBER($D46),$D46>=DATE(2026,1,1),$D46<=DATE(2026,1,15)),"█","") -> #REF! | F46: =IF(AND(ISNUMBER($D46),$D46>=DATE(2026,1,16),$D46<=DATE(2026,1,31)),"█","") -> #REF! | G46: =IF(AND(ISNUMBER($D46),$D46>=DATE(2026,2,1),$D46<=DATE(2026,2,14)),"█","") -> #REF! | H46: =IF(AND(ISNUMBER($D46),$D46>=DATE(2026,2,15),$D46<=DATE(2026,2,28)),"█","") -> #REF! | I46: =IF(AND(ISNUMBER($D46),$D46>=DATE(2026,3,1),$D46<=DATE(2026,3,15)),"█","") -> #REF! | J46: =IF(AND(ISNUMBER($D46),$D46>=DATE(2026,3,16),$D46<=DATE(2026,3,31)),"█","") -> #REF! | K46: =IF(AND(ISNUMBER($D46),$D46>=DATE(2026,4,1),$D46<=DATE(2026,4,15)),"█","") -> #REF! | L46: =IF(AND(ISNUMBER($D46),$D46>=DATE(2026,4,16),$D46<=DATE(2026,4,30)),"█","") -> #REF! | M46: =IF(AND(ISNUMBER($D46),$D46>=DATE(2026,5,1),$D46<=DATE(2026,5,15)),"█","") -> #REF! | N46: =IF(AND(ISNUMBER($D46),$D46>=DATE(2026,5,16),$D46<=DATE(2026,5,31)),"█","") -> #REF! | O46: =IF(AND(ISNUMBER($D46),$D46>=DATE(2026,6,1),$D46<=DATE(2026,6,15)),"█","") -> #REF! | P46: =IF(AND(ISNUMBER($D46),$D46>=DATE(2026,6,16),$D46<=DATE(2026,6,30)),"█","") -> #REF! | Q46: =IF(AND(ISNUMBER($D46),$D46>DATE(2026,6,30)),"█","") -> #REF! | R46: ='Maintenance PSURs'!#REF! -> #REF!
A47: ='Maintenance PSURs'!C23 -> PSUR051 | B47: ='Maintenance PSURs'!L23 -> Venkata | C47: ='Maintenance PSURs'!K23 -> Not Started | D47: ='Maintenance PSURs'!J23 -> 46164 | E47: =IF(AND(ISNUMBER($D47),$D47>=DATE(2026,1,1),$D47<=DATE(2026,1,15)),"█","") | F47: =IF(AND(ISNUMBER($D47),$D47>=DATE(2026,1,16),$D47<=DATE(2026,1,31)),"█","") | G47: =IF(AND(ISNUMBER($D47),$D47>=DATE(2026,2,1),$D47<=DATE(2026,2,14)),"█","") | H47: =IF(AND(ISNUMBER($D47),$D47>=DATE(2026,2,15),$D47<=DATE(2026,2,28)),"█","") | I47: =IF(AND(ISNUMBER($D47),$D47>=DATE(2026,3,1),$D47<=DATE(2026,3,15)),"█","") | J47: =IF(AND(ISNUMBER($D47),$D47>=DATE(2026,3,16),$D47<=DATE(2026,3,31)),"█","") | K47: =IF(AND(ISNUMBER($D47),$D47>=DATE(2026,4,1),$D47<=DATE(2026,4,15)),"█","") | L47: =IF(AND(ISNUMBER($D47),$D47>=DATE(2026,4,16),$D47<=DATE(2026,4,30)),"█","") | M47: =IF(AND(ISNUMBER($D47),$D47>=DATE(2026,5,1),$D47<=DATE(2026,5,15)),"█","") | N47: =IF(AND(ISNUMBER($D47),$D47>=DATE(2026,5,16),$D47<=DATE(2026,5,31)),"█","") -> █ | O47: =IF(AND(ISNUMBER($D47),$D47>=DATE(2026,6,1),$D47<=DATE(2026,6,15)),"█","") | P47: =IF(AND(ISNUMBER($D47),$D47>=DATE(2026,6,16),$D47<=DATE(2026,6,30)),"█","") | Q47: =IF(AND(ISNUMBER($D47),$D47>DATE(2026,6,30)),"█","") | R47: ='Maintenance PSURs'!O23 -> 46
A48: ='Maintenance PSURs'!#REF! -> #REF! | B48: ='Maintenance PSURs'!#REF! -> #REF! | C48: ='Maintenance PSURs'!#REF! -> #REF! | D48: ='Maintenance PSURs'!#REF! -> #REF! | E48: =IF(AND(ISNUMBER($D48),$D48>=DATE(2026,1,1),$D48<=DATE(2026,1,15)),"█","") -> #REF! | F48: =IF(AND(ISNUMBER($D48),$D48>=DATE(2026,1,16),$D48<=DATE(2026,1,31)),"█","") -> #REF! | G48: =IF(AND(ISNUMBER($D48),$D48>=DATE(2026,2,1),$D48<=DATE(2026,2,14)),"█","") -> #REF! | H48: =IF(AND(ISNUMBER($D48),$D48>=DATE(2026,2,15),$D48<=DATE(2026,2,28)),"█","") -> #REF! | I48: =IF(AND(ISNUMBER($D48),$D48>=DATE(2026,3,1),$D48<=DATE(2026,3,15)),"█","") -> #REF! | J48: =IF(AND(ISNUMBER($D48),$D48>=DATE(2026,3,16),$D48<=DATE(2026,3,31)),"█","") -> #REF! | K48: =IF(AND(ISNUMBER($D48),$D48>=DATE(2026,4,1),$D48<=DATE(2026,4,15)),"█","") -> #REF! | L48: =IF(AND(ISNUMBER($D48),$D48>=DATE(2026,4,16),$D48<=DATE(2026,4,30)),"█","") -> #REF! | M48: =IF(AND(ISNUMBER($D48),$D48>=DATE(2026,5,1),$D48<=DATE(2026,5,15)),"█","") -> #REF! | N48: =IF(AND(ISNUMBER($D48),$D48>=DATE(2026,5,16),$D48<=DATE(2026,5,31)),"█","") -> #REF! | O48: =IF(AND(ISNUMBER($D48),$D48>=DATE(2026,6,1),$D48<=DATE(2026,6,15)),"█","") -> #REF! | P48: =IF(AND(ISNUMBER($D48),$D48>=DATE(2026,6,16),$D48<=DATE(2026,6,30)),"█","") -> #REF! | Q48: =IF(AND(ISNUMBER($D48),$D48>DATE(2026,6,30)),"█","") -> #REF! | R48: ='Maintenance PSURs'!#REF! -> #REF!
A49: ='Maintenance PSURs'!C24 -> PSUR077 | B49: ='Maintenance PSURs'!L24 -> Venkata | C49: ='Maintenance PSURs'!K24 -> In progress | D49: ='Maintenance PSURs'!J24 -> 46073 | E49: =IF(AND(ISNUMBER($D49),$D49>=DATE(2026,1,1),$D49<=DATE(2026,1,15)),"█","") | F49: =IF(AND(ISNUMBER($D49),$D49>=DATE(2026,1,16),$D49<=DATE(2026,1,31)),"█","") | G49: =IF(AND(ISNUMBER($D49),$D49>=DATE(2026,2,1),$D49<=DATE(2026,2,14)),"█","") | H49: =IF(AND(ISNUMBER($D49),$D49>=DATE(2026,2,15),$D49<=DATE(2026,2,28)),"█","") -> █ | I49: =IF(AND(ISNUMBER($D49),$D49>=DATE(2026,3,1),$D49<=DATE(2026,3,15)),"█","") | J49: =IF(AND(ISNUMBER($D49),$D49>=DATE(2026,3,16),$D49<=DATE(2026,3,31)),"█","") | K49: =IF(AND(ISNUMBER($D49),$D49>=DATE(2026,4,1),$D49<=DATE(2026,4,15)),"█","") | L49: =IF(AND(ISNUMBER($D49),$D49>=DATE(2026,4,16),$D49<=DATE(2026,4,30)),"█","") | M49: =IF(AND(ISNUMBER($D49),$D49>=DATE(2026,5,1),$D49<=DATE(2026,5,15)),"█","") | N49: =IF(AND(ISNUMBER($D49),$D49>=DATE(2026,5,16),$D49<=DATE(2026,5,31)),"█","") | O49: =IF(AND(ISNUMBER($D49),$D49>=DATE(2026,6,1),$D49<=DATE(2026,6,15)),"█","") | P49: =IF(AND(ISNUMBER($D49),$D49>=DATE(2026,6,16),$D49<=DATE(2026,6,30)),"█","") | Q49: =IF(AND(ISNUMBER($D49),$D49>DATE(2026,6,30)),"█","") | R49: ='Maintenance PSURs'!O24 -> -45
A50: ='Maintenance PSURs'!C25 -> PSUR058 | B50: ='Maintenance PSURs'!L25 -> Jeff | C50: ='Maintenance PSURs'!K25 -> Not Started | D50: ='Maintenance PSURs'!J25 -> 46186 | E50: =IF(AND(ISNUMBER($D50),$D50>=DATE(2026,1,1),$D50<=DATE(2026,1,15)),"█","") | F50: =IF(AND(ISNUMBER($D50),$D50>=DATE(2026,1,16),$D50<=DATE(2026,1,31)),"█","") | G50: =IF(AND(ISNUMBER($D50),$D50>=DATE(2026,2,1),$D50<=DATE(2026,2,14)),"█","") | H50: =IF(AND(ISNUMBER($D50),$D50>=DATE(2026,2,15),$D50<=DATE(2026,2,28)),"█","") | I50: =IF(AND(ISNUMBER($D50),$D50>=DATE(2026,3,1),$D50<=DATE(2026,3,15)),"█","") | J50: =IF(AND(ISNUMBER($D50),$D50>=DATE(2026,3,16),$D50<=DATE(2026,3,31)),"█","") | K50: =IF(AND(ISNUMBER($D50),$D50>=DATE(2026,4,1),$D50<=DATE(2026,4,15)),"█","") | L50: =IF(AND(ISNUMBER($D50),$D50>=DATE(2026,4,16),$D50<=DATE(2026,4,30)),"█","") | M50: =IF(AND(ISNUMBER($D50),$D50>=DATE(2026,5,1),$D50<=DATE(2026,5,15)),"█","") | N50: =IF(AND(ISNUMBER($D50),$D50>=DATE(2026,5,16),$D50<=DATE(2026,5,31)),"█","") | O50: =IF(AND(ISNUMBER($D50),$D50>=DATE(2026,6,1),$D50<=DATE(2026,6,15)),"█","") -> █ | P50: =IF(AND(ISNUMBER($D50),$D50>=DATE(2026,6,16),$D50<=DATE(2026,6,30)),"█","") | Q50: =IF(AND(ISNUMBER($D50),$D50>DATE(2026,6,30)),"█","") | R50: ='Maintenance PSURs'!O25 -> 68
A51: ='Maintenance PSURs'!C26 -> PSUR060 | B51: ='Maintenance PSURs'!L26 -> TBD | C51: ='Maintenance PSURs'!K26 -> Not Started | D51: ='Maintenance PSURs'!J26 -> 46262 | E51: =IF(AND(ISNUMBER($D51),$D51>=DATE(2026,1,1),$D51<=DATE(2026,1,15)),"█","") | F51: =IF(AND(ISNUMBER($D51),$D51>=DATE(2026,1,16),$D51<=DATE(2026,1,31)),"█","") | G51: =IF(AND(ISNUMBER($D51),$D51>=DATE(2026,2,1),$D51<=DATE(2026,2,14)),"█","") | H51: =IF(AND(ISNUMBER($D51),$D51>=DATE(2026,2,15),$D51<=DATE(2026,2,28)),"█","") | I51: =IF(AND(ISNUMBER($D51),$D51>=DATE(2026,3,1),$D51<=DATE(2026,3,15)),"█","") | J51: =IF(AND(ISNUMBER($D51),$D51>=DATE(2026,3,16),$D51<=DATE(2026,3,31)),"█","") | K51: =IF(AND(ISNUMBER($D51),$D51>=DATE(2026,4,1),$D51<=DATE(2026,4,15)),"█","") | L51: =IF(AND(ISNUMBER($D51),$D51>=DATE(2026,4,16),$D51<=DATE(2026,4,30)),"█","") | M51: =IF(AND(ISNUMBER($D51),$D51>=DATE(2026,5,1),$D51<=DATE(2026,5,15)),"█","") | N51: =IF(AND(ISNUMBER($D51),$D51>=DATE(2026,5,16),$D51<=DATE(2026,5,31)),"█","") | O51: =IF(AND(ISNUMBER($D51),$D51>=DATE(2026,6,1),$D51<=DATE(2026,6,15)),"█","") | P51: =IF(AND(ISNUMBER($D51),$D51>=DATE(2026,6,16),$D51<=DATE(2026,6,30)),"█","") | Q51: =IF(AND(ISNUMBER($D51),$D51>DATE(2026,6,30)),"█","") -> █ | R51: ='Maintenance PSURs'!O26 -> 144
A52: ='Maintenance PSURs'!C27 -> PSUR081 | B52: ='Maintenance PSURs'!L27 -> Terence | C52: ='Maintenance PSURs'!K27 -> In progress | D52: ='Maintenance PSURs'!J27 -> 46087 | E52: =IF(AND(ISNUMBER($D52),$D52>=DATE(2026,1,1),$D52<=DATE(2026,1,15)),"█","") | F52: =IF(AND(ISNUMBER($D52),$D52>=DATE(2026,1,16),$D52<=DATE(2026,1,31)),"█","") | G52: =IF(AND(ISNUMBER($D52),$D52>=DATE(2026,2,1),$D52<=DATE(2026,2,14)),"█","") | H52: =IF(AND(ISNUMBER($D52),$D52>=DATE(2026,2,15),$D52<=DATE(2026,2,28)),"█","") | I52: =IF(AND(ISNUMBER($D52),$D52>=DATE(2026,3,1),$D52<=DATE(2026,3,15)),"█","") -> █ | J52: =IF(AND(ISNUMBER($D52),$D52>=DATE(2026,3,16),$D52<=DATE(2026,3,31)),"█","") | K52: =IF(AND(ISNUMBER($D52),$D52>=DATE(2026,4,1),$D52<=DATE(2026,4,15)),"█","") | L52: =IF(AND(ISNUMBER($D52),$D52>=DATE(2026,4,16),$D52<=DATE(2026,4,30)),"█","") | M52: =IF(AND(ISNUMBER($D52),$D52>=DATE(2026,5,1),$D52<=DATE(2026,5,15)),"█","") | N52: =IF(AND(ISNUMBER($D52),$D52>=DATE(2026,5,16),$D52<=DATE(2026,5,31)),"█","") | O52: =IF(AND(ISNUMBER($D52),$D52>=DATE(2026,6,1),$D52<=DATE(2026,6,15)),"█","") | P52: =IF(AND(ISNUMBER($D52),$D52>=DATE(2026,6,16),$D52<=DATE(2026,6,30)),"█","") | Q52: =IF(AND(ISNUMBER($D52),$D52>DATE(2026,6,30)),"█","") | R52: ='Maintenance PSURs'!O27 -> -31
A53: ='Maintenance PSURs'!C28 -> PSUR087 | B53: ='Maintenance PSURs'!L28 -> Jeff | C53: ='Maintenance PSURs'!K28 -> Not Started | D53: ='Maintenance PSURs'!J28 -> 46199 | E53: =IF(AND(ISNUMBER($D53),$D53>=DATE(2026,1,1),$D53<=DATE(2026,1,15)),"█","") | F53: =IF(AND(ISNUMBER($D53),$D53>=DATE(2026,1,16),$D53<=DATE(2026,1,31)),"█","") | G53: =IF(AND(ISNUMBER($D53),$D53>=DATE(2026,2,1),$D53<=DATE(2026,2,14)),"█","") | H53: =IF(AND(ISNUMBER($D53),$D53>=DATE(2026,2,15),$D53<=DATE(2026,2,28)),"█","") | I53: =IF(AND(ISNUMBER($D53),$D53>=DATE(2026,3,1),$D53<=DATE(2026,3,15)),"█","") | J53: =IF(AND(ISNUMBER($D53),$D53>=DATE(2026,3,16),$D53<=DATE(2026,3,31)),"█","") | K53: =IF(AND(ISNUMBER($D53),$D53>=DATE(2026,4,1),$D53<=DATE(2026,4,15)),"█","") | L53: =IF(AND(ISNUMBER($D53),$D53>=DATE(2026,4,16),$D53<=DATE(2026,4,30)),"█","") | M53: =IF(AND(ISNUMBER($D53),$D53>=DATE(2026,5,1),$D53<=DATE(2026,5,15)),"█","") | N53: =IF(AND(ISNUMBER($D53),$D53>=DATE(2026,5,16),$D53<=DATE(2026,5,31)),"█","") | O53: =IF(AND(ISNUMBER($D53),$D53>=DATE(2026,6,1),$D53<=DATE(2026,6,15)),"█","") | P53: =IF(AND(ISNUMBER($D53),$D53>=DATE(2026,6,16),$D53<=DATE(2026,6,30)),"█","") -> █ | Q53: =IF(AND(ISNUMBER($D53),$D53>DATE(2026,6,30)),"█","") | R53: ='Maintenance PSURs'!O28 -> 81
A54: ='Maintenance PSURs'!C29 -> PSUR069 | B54: ='Maintenance PSURs'!L29 -> Venkata | C54: ='Maintenance PSURs'!K29 -> Not Started | D54: ='Maintenance PSURs'!J29 -> 46179 | E54: =IF(AND(ISNUMBER($D54),$D54>=DATE(2026,1,1),$D54<=DATE(2026,1,15)),"█","") | F54: =IF(AND(ISNUMBER($D54),$D54>=DATE(2026,1,16),$D54<=DATE(2026,1,31)),"█","") | G54: =IF(AND(ISNUMBER($D54),$D54>=DATE(2026,2,1),$D54<=DATE(2026,2,14)),"█","") | H54: =IF(AND(ISNUMBER($D54),$D54>=DATE(2026,2,15),$D54<=DATE(2026,2,28)),"█","") | I54: =IF(AND(ISNUMBER($D54),$D54>=DATE(2026,3,1),$D54<=DATE(2026,3,15)),"█","") | J54: =IF(AND(ISNUMBER($D54),$D54>=DATE(2026,3,16),$D54<=DATE(2026,3,31)),"█","") | K54: =IF(AND(ISNUMBER($D54),$D54>=DATE(2026,4,1),$D54<=DATE(2026,4,15)),"█","") | L54: =IF(AND(ISNUMBER($D54),$D54>=DATE(2026,4,16),$D54<=DATE(2026,4,30)),"█","") | M54: =IF(AND(ISNUMBER($D54),$D54>=DATE(2026,5,1),$D54<=DATE(2026,5,15)),"█","") | N54: =IF(AND(ISNUMBER($D54),$D54>=DATE(2026,5,16),$D54<=DATE(2026,5,31)),"█","") | O54: =IF(AND(ISNUMBER($D54),$D54>=DATE(2026,6,1),$D54<=DATE(2026,6,15)),"█","") -> █ | P54: =IF(AND(ISNUMBER($D54),$D54>=DATE(2026,6,16),$D54<=DATE(2026,6,30)),"█","") | Q54: =IF(AND(ISNUMBER($D54),$D54>DATE(2026,6,30)),"█","") | R54: ='Maintenance PSURs'!O29 -> 61
A55: ='Maintenance PSURs'!C30 -> PSUR082 | B55: ='Maintenance PSURs'!L30 -> Venkata | C55: ='Maintenance PSURs'!K30 -> Completed | D55: ='Maintenance PSURs'!J30 -> 46076 | E55: =IF(AND(ISNUMBER($D55),$D55>=DATE(2026,1,1),$D55<=DATE(2026,1,15)),"█","") | F55: =IF(AND(ISNUMBER($D55),$D55>=DATE(2026,1,16),$D55<=DATE(2026,1,31)),"█","") | G55: =IF(AND(ISNUMBER($D55),$D55>=DATE(2026,2,1),$D55<=DATE(2026,2,14)),"█","") | H55: =IF(AND(ISNUMBER($D55),$D55>=DATE(2026,2,15),$D55<=DATE(2026,2,28)),"█","") -> █ | I55: =IF(AND(ISNUMBER($D55),$D55>=DATE(2026,3,1),$D55<=DATE(2026,3,15)),"█","") | J55: =IF(AND(ISNUMBER($D55),$D55>=DATE(2026,3,16),$D55<=DATE(2026,3,31)),"█","") | K55: =IF(AND(ISNUMBER($D55),$D55>=DATE(2026,4,1),$D55<=DATE(2026,4,15)),"█","") | L55: =IF(AND(ISNUMBER($D55),$D55>=DATE(2026,4,16),$D55<=DATE(2026,4,30)),"█","") | M55: =IF(AND(ISNUMBER($D55),$D55>=DATE(2026,5,1),$D55<=DATE(2026,5,15)),"█","") | N55: =IF(AND(ISNUMBER($D55),$D55>=DATE(2026,5,16),$D55<=DATE(2026,5,31)),"█","") | O55: =IF(AND(ISNUMBER($D55),$D55>=DATE(2026,6,1),$D55<=DATE(2026,6,15)),"█","") | P55: =IF(AND(ISNUMBER($D55),$D55>=DATE(2026,6,16),$D55<=DATE(2026,6,30)),"█","") | Q55: =IF(AND(ISNUMBER($D55),$D55>DATE(2026,6,30)),"█","") | R55: ='Maintenance PSURs'!O30 -> -
A56: ='Maintenance PSURs'!C31 -> PSUR068 | B56: ='Maintenance PSURs'!L31 -> Jeff | C56: ='Maintenance PSURs'!K31 -> Not Started | D56: ='Maintenance PSURs'!J31 -> 04/30/2026 - Immediate | E56: =IF(AND(ISNUMBER($D56),$D56>=DATE(2026,1,1),$D56<=DATE(2026,1,15)),"█","") | F56: =IF(AND(ISNUMBER($D56),$D56>=DATE(2026,1,16),$D56<=DATE(2026,1,31)),"█","") | G56: =IF(AND(ISNUMBER($D56),$D56>=DATE(2026,2,1),$D56<=DATE(2026,2,14)),"█","") | H56: =IF(AND(ISNUMBER($D56),$D56>=DATE(2026,2,15),$D56<=DATE(2026,2,28)),"█","") | I56: =IF(AND(ISNUMBER($D56),$D56>=DATE(2026,3,1),$D56<=DATE(2026,3,15)),"█","") | J56: =IF(AND(ISNUMBER($D56),$D56>=DATE(2026,3,16),$D56<=DATE(2026,3,31)),"█","") | K56: =IF(AND(ISNUMBER($D56),$D56>=DATE(2026,4,1),$D56<=DATE(2026,4,15)),"█","") | L56: =IF(AND(ISNUMBER($D56),$D56>=DATE(2026,4,16),$D56<=DATE(2026,4,30)),"█","") | M56: =IF(AND(ISNUMBER($D56),$D56>=DATE(2026,5,1),$D56<=DATE(2026,5,15)),"█","") | N56: =IF(AND(ISNUMBER($D56),$D56>=DATE(2026,5,16),$D56<=DATE(2026,5,31)),"█","") | O56: =IF(AND(ISNUMBER($D56),$D56>=DATE(2026,6,1),$D56<=DATE(2026,6,15)),"█","") | P56: =IF(AND(ISNUMBER($D56),$D56>=DATE(2026,6,16),$D56<=DATE(2026,6,30)),"█","") | Q56: =IF(AND(ISNUMBER($D56),$D56>DATE(2026,6,30)),"█","") | R56: ='Maintenance PSURs'!O31 -> N/A
A57: ='Maintenance PSURs'!C32 -> PSUR073 | B57: ='Maintenance PSURs'!L32 -> TBD | C57: ='Maintenance PSURs'!K32 -> Not Started | D57: ='Maintenance PSURs'!J32 -> 46241 | E57: =IF(AND(ISNUMBER($D57),$D57>=DATE(2026,1,1),$D57<=DATE(2026,1,15)),"█","") | F57: =IF(AND(ISNUMBER($D57),$D57>=DATE(2026,1,16),$D57<=DATE(2026,1,31)),"█","") | G57: =IF(AND(ISNUMBER($D57),$D57>=DATE(2026,2,1),$D57<=DATE(2026,2,14)),"█","") | H57: =IF(AND(ISNUMBER($D57),$D57>=DATE(2026,2,15),$D57<=DATE(2026,2,28)),"█","") | I57: =IF(AND(ISNUMBER($D57),$D57>=DATE(2026,3,1),$D57<=DATE(2026,3,15)),"█","") | J57: =IF(AND(ISNUMBER($D57),$D57>=DATE(2026,3,16),$D57<=DATE(2026,3,31)),"█","") | K57: =IF(AND(ISNUMBER($D57),$D57>=DATE(2026,4,1),$D57<=DATE(2026,4,15)),"█","") | L57: =IF(AND(ISNUMBER($D57),$D57>=DATE(2026,4,16),$D57<=DATE(2026,4,30)),"█","") | M57: =IF(AND(ISNUMBER($D57),$D57>=DATE(2026,5,1),$D57<=DATE(2026,5,15)),"█","") | N57: =IF(AND(ISNUMBER($D57),$D57>=DATE(2026,5,16),$D57<=DATE(2026,5,31)),"█","") | O57: =IF(AND(ISNUMBER($D57),$D57>=DATE(2026,6,1),$D57<=DATE(2026,6,15)),"█","") | P57: =IF(AND(ISNUMBER($D57),$D57>=DATE(2026,6,16),$D57<=DATE(2026,6,30)),"█","") | Q57: =IF(AND(ISNUMBER($D57),$D57>DATE(2026,6,30)),"█","") -> █ | R57: ='Maintenance PSURs'!O32 -> 123
A58: ='Maintenance PSURs'!C33 -> PSUR083 | B58: ='Maintenance PSURs'!L33 -> Jeff | C58: ='Maintenance PSURs'!K33 -> In progress | D58: ='Maintenance PSURs'!J33 -> 46108 | E58: =IF(AND(ISNUMBER($D58),$D58>=DATE(2026,1,1),$D58<=DATE(2026,1,15)),"█","") | F58: =IF(AND(ISNUMBER($D58),$D58>=DATE(2026,1,16),$D58<=DATE(2026,1,31)),"█","") | G58: =IF(AND(ISNUMBER($D58),$D58>=DATE(2026,2,1),$D58<=DATE(2026,2,14)),"█","") | H58: =IF(AND(ISNUMBER($D58),$D58>=DATE(2026,2,15),$D58<=DATE(2026,2,28)),"█","") | I58: =IF(AND(ISNUMBER($D58),$D58>=DATE(2026,3,1),$D58<=DATE(2026,3,15)),"█","") | J58: =IF(AND(ISNUMBER($D58),$D58>=DATE(2026,3,16),$D58<=DATE(2026,3,31)),"█","") -> █ | K58: =IF(AND(ISNUMBER($D58),$D58>=DATE(2026,4,1),$D58<=DATE(2026,4,15)),"█","") | L58: =IF(AND(ISNUMBER($D58),$D58>=DATE(2026,4,16),$D58<=DATE(2026,4,30)),"█","") | M58: =IF(AND(ISNUMBER($D58),$D58>=DATE(2026,5,1),$D58<=DATE(2026,5,15)),"█","") | N58: =IF(AND(ISNUMBER($D58),$D58>=DATE(2026,5,16),$D58<=DATE(2026,5,31)),"█","") | O58: =IF(AND(ISNUMBER($D58),$D58>=DATE(2026,6,1),$D58<=DATE(2026,6,15)),"█","") | P58: =IF(AND(ISNUMBER($D58),$D58>=DATE(2026,6,16),$D58<=DATE(2026,6,30)),"█","") | Q58: =IF(AND(ISNUMBER($D58),$D58>DATE(2026,6,30)),"█","") | R58: ='Maintenance PSURs'!O33 -> -10
A59: ='Maintenance PSURs'!#REF! -> #REF! | B59: ='Maintenance PSURs'!#REF! -> #REF! | C59: ='Maintenance PSURs'!#REF! -> #REF! | D59: ='Maintenance PSURs'!#REF! -> #REF! | E59: =IF(AND(ISNUMBER($D59),$D59>=DATE(2026,1,1),$D59<=DATE(2026,1,15)),"█","") -> #REF! | F59: =IF(AND(ISNUMBER($D59),$D59>=DATE(2026,1,16),$D59<=DATE(2026,1,31)),"█","") -> #REF! | G59: =IF(AND(ISNUMBER($D59),$D59>=DATE(2026,2,1),$D59<=DATE(2026,2,14)),"█","") -> #REF! | H59: =IF(AND(ISNUMBER($D59),$D59>=DATE(2026,2,15),$D59<=DATE(2026,2,28)),"█","") -> #REF! | I59: =IF(AND(ISNUMBER($D59),$D59>=DATE(2026,3,1),$D59<=DATE(2026,3,15)),"█","") -> #REF! | J59: =IF(AND(ISNUMBER($D59),$D59>=DATE(2026,3,16),$D59<=DATE(2026,3,31)),"█","") -> #REF! | K59: =IF(AND(ISNUMBER($D59),$D59>=DATE(2026,4,1),$D59<=DATE(2026,4,15)),"█","") -> #REF! | L59: =IF(AND(ISNUMBER($D59),$D59>=DATE(2026,4,16),$D59<=DATE(2026,4,30)),"█","") -> #REF! | M59: =IF(AND(ISNUMBER($D59),$D59>=DATE(2026,5,1),$D59<=DATE(2026,5,15)),"█","") -> #REF! | N59: =IF(AND(ISNUMBER($D59),$D59>=DATE(2026,5,16),$D59<=DATE(2026,5,31)),"█","") -> #REF! | O59: =IF(AND(ISNUMBER($D59),$D59>=DATE(2026,6,1),$D59<=DATE(2026,6,15)),"█","") -> #REF! | P59: =IF(AND(ISNUMBER($D59),$D59>=DATE(2026,6,16),$D59<=DATE(2026,6,30)),"█","") -> #REF! | Q59: =IF(AND(ISNUMBER($D59),$D59>DATE(2026,6,30)),"█","") -> #REF! | R59: ='Maintenance PSURs'!#REF! -> #REF!
A60: ='Maintenance PSURs'!#REF! -> #REF! | B60: ='Maintenance PSURs'!#REF! -> #REF! | C60: ='Maintenance PSURs'!#REF! -> #REF! | D60: ='Maintenance PSURs'!#REF! -> #REF! | E60: =IF(AND(ISNUMBER($D60),$D60>=DATE(2026,1,1),$D60<=DATE(2026,1,15)),"█","") -> #REF! | F60: =IF(AND(ISNUMBER($D60),$D60>=DATE(2026,1,16),$D60<=DATE(2026,1,31)),"█","") -> #REF! | G60: =IF(AND(ISNUMBER($D60),$D60>=DATE(2026,2,1),$D60<=DATE(2026,2,14)),"█","") -> #REF! | H60: =IF(AND(ISNUMBER($D60),$D60>=DATE(2026,2,15),$D60<=DATE(2026,2,28)),"█","") -> #REF! | I60: =IF(AND(ISNUMBER($D60),$D60>=DATE(2026,3,1),$D60<=DATE(2026,3,15)),"█","") -> #REF! | J60: =IF(AND(ISNUMBER($D60),$D60>=DATE(2026,3,16),$D60<=DATE(2026,3,31)),"█","") -> #REF! | K60: =IF(AND(ISNUMBER($D60),$D60>=DATE(2026,4,1),$D60<=DATE(2026,4,15)),"█","") -> #REF! | L60: =IF(AND(ISNUMBER($D60),$D60>=DATE(2026,4,16),$D60<=DATE(2026,4,30)),"█","") -> #REF! | M60: =IF(AND(ISNUMBER($D60),$D60>=DATE(2026,5,1),$D60<=DATE(2026,5,15)),"█","") -> #REF! | N60: =IF(AND(ISNUMBER($D60),$D60>=DATE(2026,5,16),$D60<=DATE(2026,5,31)),"█","") -> #REF! | O60: =IF(AND(ISNUMBER($D60),$D60>=DATE(2026,6,1),$D60<=DATE(2026,6,15)),"█","") -> #REF! | P60: =IF(AND(ISNUMBER($D60),$D60>=DATE(2026,6,16),$D60<=DATE(2026,6,30)),"█","") -> #REF! | Q60: =IF(AND(ISNUMBER($D60),$D60>DATE(2026,6,30)),"█","") -> #REF! | R60: ='Maintenance PSURs'!#REF! -> #REF!
A61: ='Maintenance PSURs'!#REF! -> #REF! | B61: ='Maintenance PSURs'!#REF! -> #REF! | C61: ='Maintenance PSURs'!#REF! -> #REF! | D61: ='Maintenance PSURs'!#REF! -> #REF! | E61: =IF(AND(ISNUMBER($D61),$D61>=DATE(2026,1,1),$D61<=DATE(2026,1,15)),"█","") -> #REF! | F61: =IF(AND(ISNUMBER($D61),$D61>=DATE(2026,1,16),$D61<=DATE(2026,1,31)),"█","") -> #REF! | G61: =IF(AND(ISNUMBER($D61),$D61>=DATE(2026,2,1),$D61<=DATE(2026,2,14)),"█","") -> #REF! | H61: =IF(AND(ISNUMBER($D61),$D61>=DATE(2026,2,15),$D61<=DATE(2026,2,28)),"█","") -> #REF! | I61: =IF(AND(ISNUMBER($D61),$D61>=DATE(2026,3,1),$D61<=DATE(2026,3,15)),"█","") -> #REF! | J61: =IF(AND(ISNUMBER($D61),$D61>=DATE(2026,3,16),$D61<=DATE(2026,3,31)),"█","") -> #REF! | K61: =IF(AND(ISNUMBER($D61),$D61>=DATE(2026,4,1),$D61<=DATE(2026,4,15)),"█","") -> #REF! | L61: =IF(AND(ISNUMBER($D61),$D61>=DATE(2026,4,16),$D61<=DATE(2026,4,30)),"█","") -> #REF! | M61: =IF(AND(ISNUMBER($D61),$D61>=DATE(2026,5,1),$D61<=DATE(2026,5,15)),"█","") -> #REF! | N61: =IF(AND(ISNUMBER($D61),$D61>=DATE(2026,5,16),$D61<=DATE(2026,5,31)),"█","") -> #REF! | O61: =IF(AND(ISNUMBER($D61),$D61>=DATE(2026,6,1),$D61<=DATE(2026,6,15)),"█","") -> #REF! | P61: =IF(AND(ISNUMBER($D61),$D61>=DATE(2026,6,16),$D61<=DATE(2026,6,30)),"█","") -> #REF! | Q61: =IF(AND(ISNUMBER($D61),$D61>DATE(2026,6,30)),"█","") -> #REF! | R61: ='Maintenance PSURs'!#REF! -> #REF!
A62: ='Maintenance PSURs'!C34 -> PMS007R | B62: ='Maintenance PSURs'!L34 -> Jeff | C62: ='Maintenance PSURs'!K34 -> Not Started | D62: ='Maintenance PSURs'!J34 -> 2026-01-03 | E62: =IF(AND(ISNUMBER($D62),$D62>=DATE(2026,1,1),$D62<=DATE(2026,1,15)),"█","") | F62: =IF(AND(ISNUMBER($D62),$D62>=DATE(2026,1,16),$D62<=DATE(2026,1,31)),"█","") | G62: =IF(AND(ISNUMBER($D62),$D62>=DATE(2026,2,1),$D62<=DATE(2026,2,14)),"█","") | H62: =IF(AND(ISNUMBER($D62),$D62>=DATE(2026,2,15),$D62<=DATE(2026,2,28)),"█","") | I62: =IF(AND(ISNUMBER($D62),$D62>=DATE(2026,3,1),$D62<=DATE(2026,3,15)),"█","") | J62: =IF(AND(ISNUMBER($D62),$D62>=DATE(2026,3,16),$D62<=DATE(2026,3,31)),"█","") | K62: =IF(AND(ISNUMBER($D62),$D62>=DATE(2026,4,1),$D62<=DATE(2026,4,15)),"█","") | L62: =IF(AND(ISNUMBER($D62),$D62>=DATE(2026,4,16),$D62<=DATE(2026,4,30)),"█","") | M62: =IF(AND(ISNUMBER($D62),$D62>=DATE(2026,5,1),$D62<=DATE(2026,5,15)),"█","") | N62: =IF(AND(ISNUMBER($D62),$D62>=DATE(2026,5,16),$D62<=DATE(2026,5,31)),"█","") | O62: =IF(AND(ISNUMBER($D62),$D62>=DATE(2026,6,1),$D62<=DATE(2026,6,15)),"█","") | P62: =IF(AND(ISNUMBER($D62),$D62>=DATE(2026,6,16),$D62<=DATE(2026,6,30)),"█","") | Q62: =IF(AND(ISNUMBER($D62),$D62>DATE(2026,6,30)),"█","") | R62: ='Maintenance PSURs'!O34 -> N/A
A63: ='Maintenance PSURs'!C35 -> PSUR059 | B63: ='Maintenance PSURs'!L35 -> Jeff | C63: ='Maintenance PSURs'!K35 -> Not Started | D63: ='Maintenance PSURs'!J35 -> 4/30/2026 - Immediate | E63: =IF(AND(ISNUMBER($D63),$D63>=DATE(2026,1,1),$D63<=DATE(2026,1,15)),"█","") | F63: =IF(AND(ISNUMBER($D63),$D63>=DATE(2026,1,16),$D63<=DATE(2026,1,31)),"█","") | G63: =IF(AND(ISNUMBER($D63),$D63>=DATE(2026,2,1),$D63<=DATE(2026,2,14)),"█","") | H63: =IF(AND(ISNUMBER($D63),$D63>=DATE(2026,2,15),$D63<=DATE(2026,2,28)),"█","") | I63: =IF(AND(ISNUMBER($D63),$D63>=DATE(2026,3,1),$D63<=DATE(2026,3,15)),"█","") | J63: =IF(AND(ISNUMBER($D63),$D63>=DATE(2026,3,16),$D63<=DATE(2026,3,31)),"█","") | K63: =IF(AND(ISNUMBER($D63),$D63>=DATE(2026,4,1),$D63<=DATE(2026,4,15)),"█","") | L63: =IF(AND(ISNUMBER($D63),$D63>=DATE(2026,4,16),$D63<=DATE(2026,4,30)),"█","") | M63: =IF(AND(ISNUMBER($D63),$D63>=DATE(2026,5,1),$D63<=DATE(2026,5,15)),"█","") | N63: =IF(AND(ISNUMBER($D63),$D63>=DATE(2026,5,16),$D63<=DATE(2026,5,31)),"█","") | O63: =IF(AND(ISNUMBER($D63),$D63>=DATE(2026,6,1),$D63<=DATE(2026,6,15)),"█","") | P63: =IF(AND(ISNUMBER($D63),$D63>=DATE(2026,6,16),$D63<=DATE(2026,6,30)),"█","") | Q63: =IF(AND(ISNUMBER($D63),$D63>DATE(2026,6,30)),"█","") | R63: ='Maintenance PSURs'!O35 -> N/A
A64: ='Maintenance PSURs'!#REF! -> #REF! | B64: ='Maintenance PSURs'!#REF! -> #REF! | C64: ='Maintenance PSURs'!#REF! -> #REF! | D64: ='Maintenance PSURs'!#REF! -> #REF! | E64: =IF(AND(ISNUMBER($D64),$D64>=DATE(2026,1,1),$D64<=DATE(2026,1,15)),"█","") -> #REF! | F64: =IF(AND(ISNUMBER($D64),$D64>=DATE(2026,1,16),$D64<=DATE(2026,1,31)),"█","") -> #REF! | G64: =IF(AND(ISNUMBER($D64),$D64>=DATE(2026,2,1),$D64<=DATE(2026,2,14)),"█","") -> #REF! | H64: =IF(AND(ISNUMBER($D64),$D64>=DATE(2026,2,15),$D64<=DATE(2026,2,28)),"█","") -> #REF! | I64: =IF(AND(ISNUMBER($D64),$D64>=DATE(2026,3,1),$D64<=DATE(2026,3,15)),"█","") -> #REF! | J64: =IF(AND(ISNUMBER($D64),$D64>=DATE(2026,3,16),$D64<=DATE(2026,3,31)),"█","") -> #REF! | K64: =IF(AND(ISNUMBER($D64),$D64>=DATE(2026,4,1),$D64<=DATE(2026,4,15)),"█","") -> #REF! | L64: =IF(AND(ISNUMBER($D64),$D64>=DATE(2026,4,16),$D64<=DATE(2026,4,30)),"█","") -> #REF! | M64: =IF(AND(ISNUMBER($D64),$D64>=DATE(2026,5,1),$D64<=DATE(2026,5,15)),"█","") -> #REF! | N64: =IF(AND(ISNUMBER($D64),$D64>=DATE(2026,5,16),$D64<=DATE(2026,5,31)),"█","") -> #REF! | O64: =IF(AND(ISNUMBER($D64),$D64>=DATE(2026,6,1),$D64<=DATE(2026,6,15)),"█","") -> #REF! | P64: =IF(AND(ISNUMBER($D64),$D64>=DATE(2026,6,16),$D64<=DATE(2026,6,30)),"█","") -> #REF! | Q64: =IF(AND(ISNUMBER($D64),$D64>DATE(2026,6,30)),"█","") -> #REF! | R64: ='Maintenance PSURs'!#REF! -> #REF!
A65: ='Maintenance PSURs'!#REF! -> #REF! | B65: ='Maintenance PSURs'!#REF! -> #REF! | C65: ='Maintenance PSURs'!#REF! -> #REF! | D65: ='Maintenance PSURs'!#REF! -> #REF! | E65: =IF(AND(ISNUMBER($D65),$D65>=DATE(2026,1,1),$D65<=DATE(2026,1,15)),"█","") -> #REF! | F65: =IF(AND(ISNUMBER($D65),$D65>=DATE(2026,1,16),$D65<=DATE(2026,1,31)),"█","") -> #REF! | G65: =IF(AND(ISNUMBER($D65),$D65>=DATE(2026,2,1),$D65<=DATE(2026,2,14)),"█","") -> #REF! | H65: =IF(AND(ISNUMBER($D65),$D65>=DATE(2026,2,15),$D65<=DATE(2026,2,28)),"█","") -> #REF! | I65: =IF(AND(ISNUMBER($D65),$D65>=DATE(2026,3,1),$D65<=DATE(2026,3,15)),"█","") -> #REF! | J65: =IF(AND(ISNUMBER($D65),$D65>=DATE(2026,3,16),$D65<=DATE(2026,3,31)),"█","") -> #REF! | K65: =IF(AND(ISNUMBER($D65),$D65>=DATE(2026,4,1),$D65<=DATE(2026,4,15)),"█","") -> #REF! | L65: =IF(AND(ISNUMBER($D65),$D65>=DATE(2026,4,16),$D65<=DATE(2026,4,30)),"█","") -> #REF! | M65: =IF(AND(ISNUMBER($D65),$D65>=DATE(2026,5,1),$D65<=DATE(2026,5,15)),"█","") -> #REF! | N65: =IF(AND(ISNUMBER($D65),$D65>=DATE(2026,5,16),$D65<=DATE(2026,5,31)),"█","") -> #REF! | O65: =IF(AND(ISNUMBER($D65),$D65>=DATE(2026,6,1),$D65<=DATE(2026,6,15)),"█","") -> #REF! | P65: =IF(AND(ISNUMBER($D65),$D65>=DATE(2026,6,16),$D65<=DATE(2026,6,30)),"█","") -> #REF! | Q65: =IF(AND(ISNUMBER($D65),$D65>DATE(2026,6,30)),"█","") -> #REF! | R65: ='Maintenance PSURs'!#REF! -> #REF!
A66: ='Maintenance PSURs'!C36 -> PSUR103 | B66: ='Maintenance PSURs'!L36 -> Terence | C66: ='Maintenance PSURs'!K36 -> Completed | D66: ='Maintenance PSURs'!J36 -> 2/20/2026 - Immediate | E66: =IF(AND(ISNUMBER($D66),$D66>=DATE(2026,1,1),$D66<=DATE(2026,1,15)),"█","") | F66: =IF(AND(ISNUMBER($D66),$D66>=DATE(2026,1,16),$D66<=DATE(2026,1,31)),"█","") | G66: =IF(AND(ISNUMBER($D66),$D66>=DATE(2026,2,1),$D66<=DATE(2026,2,14)),"█","") | H66: =IF(AND(ISNUMBER($D66),$D66>=DATE(2026,2,15),$D66<=DATE(2026,2,28)),"█","") | I66: =IF(AND(ISNUMBER($D66),$D66>=DATE(2026,3,1),$D66<=DATE(2026,3,15)),"█","") | J66: =IF(AND(ISNUMBER($D66),$D66>=DATE(2026,3,16),$D66<=DATE(2026,3,31)),"█","") | K66: =IF(AND(ISNUMBER($D66),$D66>=DATE(2026,4,1),$D66<=DATE(2026,4,15)),"█","") | L66: =IF(AND(ISNUMBER($D66),$D66>=DATE(2026,4,16),$D66<=DATE(2026,4,30)),"█","") | M66: =IF(AND(ISNUMBER($D66),$D66>=DATE(2026,5,1),$D66<=DATE(2026,5,15)),"█","") | N66: =IF(AND(ISNUMBER($D66),$D66>=DATE(2026,5,16),$D66<=DATE(2026,5,31)),"█","") | O66: =IF(AND(ISNUMBER($D66),$D66>=DATE(2026,6,1),$D66<=DATE(2026,6,15)),"█","") | P66: =IF(AND(ISNUMBER($D66),$D66>=DATE(2026,6,16),$D66<=DATE(2026,6,30)),"█","") | Q66: =IF(AND(ISNUMBER($D66),$D66>DATE(2026,6,30)),"█","") | R66: ='Maintenance PSURs'!O36 -> -
A67: ='Maintenance PSURs'!#REF! -> #REF! | B67: ='Maintenance PSURs'!#REF! -> #REF! | C67: ='Maintenance PSURs'!#REF! -> #REF! | D67: ='Maintenance PSURs'!#REF! -> #REF! | E67: =IF(AND(ISNUMBER($D67),$D67>=DATE(2026,1,1),$D67<=DATE(2026,1,15)),"█","") -> #REF! | F67: =IF(AND(ISNUMBER($D67),$D67>=DATE(2026,1,16),$D67<=DATE(2026,1,31)),"█","") -> #REF! | G67: =IF(AND(ISNUMBER($D67),$D67>=DATE(2026,2,1),$D67<=DATE(2026,2,14)),"█","") -> #REF! | H67: =IF(AND(ISNUMBER($D67),$D67>=DATE(2026,2,15),$D67<=DATE(2026,2,28)),"█","") -> #REF! | I67: =IF(AND(ISNUMBER($D67),$D67>=DATE(2026,3,1),$D67<=DATE(2026,3,15)),"█","") -> #REF! | J67: =IF(AND(ISNUMBER($D67),$D67>=DATE(2026,3,16),$D67<=DATE(2026,3,31)),"█","") -> #REF! | K67: =IF(AND(ISNUMBER($D67),$D67>=DATE(2026,4,1),$D67<=DATE(2026,4,15)),"█","") -> #REF! | L67: =IF(AND(ISNUMBER($D67),$D67>=DATE(2026,4,16),$D67<=DATE(2026,4,30)),"█","") -> #REF! | M67: =IF(AND(ISNUMBER($D67),$D67>=DATE(2026,5,1),$D67<=DATE(2026,5,15)),"█","") -> #REF! | N67: =IF(AND(ISNUMBER($D67),$D67>=DATE(2026,5,16),$D67<=DATE(2026,5,31)),"█","") -> #REF! | O67: =IF(AND(ISNUMBER($D67),$D67>=DATE(2026,6,1),$D67<=DATE(2026,6,15)),"█","") -> #REF! | P67: =IF(AND(ISNUMBER($D67),$D67>=DATE(2026,6,16),$D67<=DATE(2026,6,30)),"█","") -> #REF! | Q67: =IF(AND(ISNUMBER($D67),$D67>DATE(2026,6,30)),"█","") -> #REF! | R67: ='Maintenance PSURs'!#REF! -> #REF!
A68: ='Maintenance PSURs'!C37 -> PSUR129 | B68: ='Maintenance PSURs'!L37 -> Terence | C68: ='Maintenance PSURs'!K37 -> In Review | D68: ='Maintenance PSURs'!J37 -> 46080 | E68: =IF(AND(ISNUMBER($D68),$D68>=DATE(2026,1,1),$D68<=DATE(2026,1,15)),"█","") | F68: =IF(AND(ISNUMBER($D68),$D68>=DATE(2026,1,16),$D68<=DATE(2026,1,31)),"█","") | G68: =IF(AND(ISNUMBER($D68),$D68>=DATE(2026,2,1),$D68<=DATE(2026,2,14)),"█","") | H68: =IF(AND(ISNUMBER($D68),$D68>=DATE(2026,2,15),$D68<=DATE(2026,2,28)),"█","") -> █ | I68: =IF(AND(ISNUMBER($D68),$D68>=DATE(2026,3,1),$D68<=DATE(2026,3,15)),"█","") | J68: =IF(AND(ISNUMBER($D68),$D68>=DATE(2026,3,16),$D68<=DATE(2026,3,31)),"█","") | K68: =IF(AND(ISNUMBER($D68),$D68>=DATE(2026,4,1),$D68<=DATE(2026,4,15)),"█","") | L68: =IF(AND(ISNUMBER($D68),$D68>=DATE(2026,4,16),$D68<=DATE(2026,4,30)),"█","") | M68: =IF(AND(ISNUMBER($D68),$D68>=DATE(2026,5,1),$D68<=DATE(2026,5,15)),"█","") | N68: =IF(AND(ISNUMBER($D68),$D68>=DATE(2026,5,16),$D68<=DATE(2026,5,31)),"█","") | O68: =IF(AND(ISNUMBER($D68),$D68>=DATE(2026,6,1),$D68<=DATE(2026,6,15)),"█","") | P68: =IF(AND(ISNUMBER($D68),$D68>=DATE(2026,6,16),$D68<=DATE(2026,6,30)),"█","") | Q68: =IF(AND(ISNUMBER($D68),$D68>DATE(2026,6,30)),"█","") | R68: ='Maintenance PSURs'!O37 -> -38
A69: ='Maintenance PSURs'!#REF! -> #REF! | B69: ='Maintenance PSURs'!#REF! -> #REF! | C69: ='Maintenance PSURs'!#REF! -> #REF! | D69: ='Maintenance PSURs'!#REF! -> #REF! | E69: =IF(AND(ISNUMBER($D69),$D69>=DATE(2026,1,1),$D69<=DATE(2026,1,15)),"█","") -> #REF! | F69: =IF(AND(ISNUMBER($D69),$D69>=DATE(2026,1,16),$D69<=DATE(2026,1,31)),"█","") -> #REF! | G69: =IF(AND(ISNUMBER($D69),$D69>=DATE(2026,2,1),$D69<=DATE(2026,2,14)),"█","") -> #REF! | H69: =IF(AND(ISNUMBER($D69),$D69>=DATE(2026,2,15),$D69<=DATE(2026,2,28)),"█","") -> #REF! | I69: =IF(AND(ISNUMBER($D69),$D69>=DATE(2026,3,1),$D69<=DATE(2026,3,15)),"█","") -> #REF! | J69: =IF(AND(ISNUMBER($D69),$D69>=DATE(2026,3,16),$D69<=DATE(2026,3,31)),"█","") -> #REF! | K69: =IF(AND(ISNUMBER($D69),$D69>=DATE(2026,4,1),$D69<=DATE(2026,4,15)),"█","") -> #REF! | L69: =IF(AND(ISNUMBER($D69),$D69>=DATE(2026,4,16),$D69<=DATE(2026,4,30)),"█","") -> #REF! | M69: =IF(AND(ISNUMBER($D69),$D69>=DATE(2026,5,1),$D69<=DATE(2026,5,15)),"█","") -> #REF! | N69: =IF(AND(ISNUMBER($D69),$D69>=DATE(2026,5,16),$D69<=DATE(2026,5,31)),"█","") -> #REF! | O69: =IF(AND(ISNUMBER($D69),$D69>=DATE(2026,6,1),$D69<=DATE(2026,6,15)),"█","") -> #REF! | P69: =IF(AND(ISNUMBER($D69),$D69>=DATE(2026,6,16),$D69<=DATE(2026,6,30)),"█","") -> #REF! | Q69: =IF(AND(ISNUMBER($D69),$D69>DATE(2026,6,30)),"█","") -> #REF! | R69: ='Maintenance PSURs'!#REF! -> #REF!
A70: ='Maintenance PSURs'!#REF! -> #REF! | B70: ='Maintenance PSURs'!#REF! -> #REF! | C70: ='Maintenance PSURs'!#REF! -> #REF! | D70: ='Maintenance PSURs'!#REF! -> #REF! | E70: =IF(AND(ISNUMBER($D70),$D70>=DATE(2026,1,1),$D70<=DATE(2026,1,15)),"█","") -> #REF! | F70: =IF(AND(ISNUMBER($D70),$D70>=DATE(2026,1,16),$D70<=DATE(2026,1,31)),"█","") -> #REF! | G70: =IF(AND(ISNUMBER($D70),$D70>=DATE(2026,2,1),$D70<=DATE(2026,2,14)),"█","") -> #REF! | H70: =IF(AND(ISNUMBER($D70),$D70>=DATE(2026,2,15),$D70<=DATE(2026,2,28)),"█","") -> #REF! | I70: =IF(AND(ISNUMBER($D70),$D70>=DATE(2026,3,1),$D70<=DATE(2026,3,15)),"█","") -> #REF! | J70: =IF(AND(ISNUMBER($D70),$D70>=DATE(2026,3,16),$D70<=DATE(2026,3,31)),"█","") -> #REF! | K70: =IF(AND(ISNUMBER($D70),$D70>=DATE(2026,4,1),$D70<=DATE(2026,4,15)),"█","") -> #REF! | L70: =IF(AND(ISNUMBER($D70),$D70>=DATE(2026,4,16),$D70<=DATE(2026,4,30)),"█","") -> #REF! | M70: =IF(AND(ISNUMBER($D70),$D70>=DATE(2026,5,1),$D70<=DATE(2026,5,15)),"█","") -> #REF! | N70: =IF(AND(ISNUMBER($D70),$D70>=DATE(2026,5,16),$D70<=DATE(2026,5,31)),"█","") -> #REF! | O70: =IF(AND(ISNUMBER($D70),$D70>=DATE(2026,6,1),$D70<=DATE(2026,6,15)),"█","") -> #REF! | P70: =IF(AND(ISNUMBER($D70),$D70>=DATE(2026,6,16),$D70<=DATE(2026,6,30)),"█","") -> #REF! | Q70: =IF(AND(ISNUMBER($D70),$D70>DATE(2026,6,30)),"█","") -> #REF! | R70: ='Maintenance PSURs'!#REF! -> #REF!
A71: ='Maintenance PSURs'!#REF! -> #REF! | B71: ='Maintenance PSURs'!#REF! -> #REF! | C71: ='Maintenance PSURs'!#REF! -> #REF! | D71: ='Maintenance PSURs'!#REF! -> #REF! | E71: =IF(AND(ISNUMBER($D71),$D71>=DATE(2026,1,1),$D71<=DATE(2026,1,15)),"█","") -> #REF! | F71: =IF(AND(ISNUMBER($D71),$D71>=DATE(2026,1,16),$D71<=DATE(2026,1,31)),"█","") -> #REF! | G71: =IF(AND(ISNUMBER($D71),$D71>=DATE(2026,2,1),$D71<=DATE(2026,2,14)),"█","") -> #REF! | H71: =IF(AND(ISNUMBER($D71),$D71>=DATE(2026,2,15),$D71<=DATE(2026,2,28)),"█","") -> #REF! | I71: =IF(AND(ISNUMBER($D71),$D71>=DATE(2026,3,1),$D71<=DATE(2026,3,15)),"█","") -> #REF! | J71: =IF(AND(ISNUMBER($D71),$D71>=DATE(2026,3,16),$D71<=DATE(2026,3,31)),"█","") -> #REF! | K71: =IF(AND(ISNUMBER($D71),$D71>=DATE(2026,4,1),$D71<=DATE(2026,4,15)),"█","") -> #REF! | L71: =IF(AND(ISNUMBER($D71),$D71>=DATE(2026,4,16),$D71<=DATE(2026,4,30)),"█","") -> #REF! | M71: =IF(AND(ISNUMBER($D71),$D71>=DATE(2026,5,1),$D71<=DATE(2026,5,15)),"█","") -> #REF! | N71: =IF(AND(ISNUMBER($D71),$D71>=DATE(2026,5,16),$D71<=DATE(2026,5,31)),"█","") -> #REF! | O71: =IF(AND(ISNUMBER($D71),$D71>=DATE(2026,6,1),$D71<=DATE(2026,6,15)),"█","") -> #REF! | P71: =IF(AND(ISNUMBER($D71),$D71>=DATE(2026,6,16),$D71<=DATE(2026,6,30)),"█","") -> #REF! | Q71: =IF(AND(ISNUMBER($D71),$D71>DATE(2026,6,30)),"█","") -> #REF! | R71: ='Maintenance PSURs'!#REF! -> #REF!
A72: ='Maintenance PSURs'!C38 -> PSUR104 | B72: ='Maintenance PSURs'!L38 -> Terence | C72: ='Maintenance PSURs'!K38 -> In progress | D72: ='Maintenance PSURs'!J38 -> 46101 | E72: =IF(AND(ISNUMBER($D72),$D72>=DATE(2026,1,1),$D72<=DATE(2026,1,15)),"█","") | F72: =IF(AND(ISNUMBER($D72),$D72>=DATE(2026,1,16),$D72<=DATE(2026,1,31)),"█","") | G72: =IF(AND(ISNUMBER($D72),$D72>=DATE(2026,2,1),$D72<=DATE(2026,2,14)),"█","") | H72: =IF(AND(ISNUMBER($D72),$D72>=DATE(2026,2,15),$D72<=DATE(2026,2,28)),"█","") | I72: =IF(AND(ISNUMBER($D72),$D72>=DATE(2026,3,1),$D72<=DATE(2026,3,15)),"█","") | J72: =IF(AND(ISNUMBER($D72),$D72>=DATE(2026,3,16),$D72<=DATE(2026,3,31)),"█","") -> █ | K72: =IF(AND(ISNUMBER($D72),$D72>=DATE(2026,4,1),$D72<=DATE(2026,4,15)),"█","") | L72: =IF(AND(ISNUMBER($D72),$D72>=DATE(2026,4,16),$D72<=DATE(2026,4,30)),"█","") | M72: =IF(AND(ISNUMBER($D72),$D72>=DATE(2026,5,1),$D72<=DATE(2026,5,15)),"█","") | N72: =IF(AND(ISNUMBER($D72),$D72>=DATE(2026,5,16),$D72<=DATE(2026,5,31)),"█","") | O72: =IF(AND(ISNUMBER($D72),$D72>=DATE(2026,6,1),$D72<=DATE(2026,6,15)),"█","") | P72: =IF(AND(ISNUMBER($D72),$D72>=DATE(2026,6,16),$D72<=DATE(2026,6,30)),"█","") | Q72: =IF(AND(ISNUMBER($D72),$D72>DATE(2026,6,30)),"█","") | R72: ='Maintenance PSURs'!O38 -> -17
A73: ='Maintenance PSURs'!C39 -> PSUR105 | B73: ='Maintenance PSURs'!L39 -> TBD | C73: ='Maintenance PSURs'!K39 -> Not Started | D73: ='Maintenance PSURs'!J39 -> 46234 | E73: =IF(AND(ISNUMBER($D73),$D73>=DATE(2026,1,1),$D73<=DATE(2026,1,15)),"█","") | F73: =IF(AND(ISNUMBER($D73),$D73>=DATE(2026,1,16),$D73<=DATE(2026,1,31)),"█","") | G73: =IF(AND(ISNUMBER($D73),$D73>=DATE(2026,2,1),$D73<=DATE(2026,2,14)),"█","") | H73: =IF(AND(ISNUMBER($D73),$D73>=DATE(2026,2,15),$D73<=DATE(2026,2,28)),"█","") | I73: =IF(AND(ISNUMBER($D73),$D73>=DATE(2026,3,1),$D73<=DATE(2026,3,15)),"█","") | J73: =IF(AND(ISNUMBER($D73),$D73>=DATE(2026,3,16),$D73<=DATE(2026,3,31)),"█","") | K73: =IF(AND(ISNUMBER($D73),$D73>=DATE(2026,4,1),$D73<=DATE(2026,4,15)),"█","") | L73: =IF(AND(ISNUMBER($D73),$D73>=DATE(2026,4,16),$D73<=DATE(2026,4,30)),"█","") | M73: =IF(AND(ISNUMBER($D73),$D73>=DATE(2026,5,1),$D73<=DATE(2026,5,15)),"█","") | N73: =IF(AND(ISNUMBER($D73),$D73>=DATE(2026,5,16),$D73<=DATE(2026,5,31)),"█","") | O73: =IF(AND(ISNUMBER($D73),$D73>=DATE(2026,6,1),$D73<=DATE(2026,6,15)),"█","") | P73: =IF(AND(ISNUMBER($D73),$D73>=DATE(2026,6,16),$D73<=DATE(2026,6,30)),"█","") | Q73: =IF(AND(ISNUMBER($D73),$D73>DATE(2026,6,30)),"█","") -> █ | R73: ='Maintenance PSURs'!O39 -> 116
A74: ='Maintenance PSURs'!C40 -> PSUR118 | B74: ='Maintenance PSURs'!L40 -> Terence | C74: ='Maintenance PSURs'!K40 -> Not Started | D74: ='Maintenance PSURs'!J40 -> 03/27/2026 - Immediate | E74: =IF(AND(ISNUMBER($D74),$D74>=DATE(2026,1,1),$D74<=DATE(2026,1,15)),"█","") | F74: =IF(AND(ISNUMBER($D74),$D74>=DATE(2026,1,16),$D74<=DATE(2026,1,31)),"█","") | G74: =IF(AND(ISNUMBER($D74),$D74>=DATE(2026,2,1),$D74<=DATE(2026,2,14)),"█","") | H74: =IF(AND(ISNUMBER($D74),$D74>=DATE(2026,2,15),$D74<=DATE(2026,2,28)),"█","") | I74: =IF(AND(ISNUMBER($D74),$D74>=DATE(2026,3,1),$D74<=DATE(2026,3,15)),"█","") | J74: =IF(AND(ISNUMBER($D74),$D74>=DATE(2026,3,16),$D74<=DATE(2026,3,31)),"█","") | K74: =IF(AND(ISNUMBER($D74),$D74>=DATE(2026,4,1),$D74<=DATE(2026,4,15)),"█","") | L74: =IF(AND(ISNUMBER($D74),$D74>=DATE(2026,4,16),$D74<=DATE(2026,4,30)),"█","") | M74: =IF(AND(ISNUMBER($D74),$D74>=DATE(2026,5,1),$D74<=DATE(2026,5,15)),"█","") | N74: =IF(AND(ISNUMBER($D74),$D74>=DATE(2026,5,16),$D74<=DATE(2026,5,31)),"█","") | O74: =IF(AND(ISNUMBER($D74),$D74>=DATE(2026,6,1),$D74<=DATE(2026,6,15)),"█","") | P74: =IF(AND(ISNUMBER($D74),$D74>=DATE(2026,6,16),$D74<=DATE(2026,6,30)),"█","") | Q74: =IF(AND(ISNUMBER($D74),$D74>DATE(2026,6,30)),"█","") | R74: ='Maintenance PSURs'!O40 -> N/A
A75: ='Maintenance PSURs'!C41 -> PSUR121 | B75: ='Maintenance PSURs'!L41 -> Venkata | C75: ='Maintenance PSURs'!K41 -> Not Started | D75: ='Maintenance PSURs'!J41 -> 3/24/2026 - Immediate | E75: =IF(AND(ISNUMBER($D75),$D75>=DATE(2026,1,1),$D75<=DATE(2026,1,15)),"█","") | F75: =IF(AND(ISNUMBER($D75),$D75>=DATE(2026,1,16),$D75<=DATE(2026,1,31)),"█","") | G75: =IF(AND(ISNUMBER($D75),$D75>=DATE(2026,2,1),$D75<=DATE(2026,2,14)),"█","") | H75: =IF(AND(ISNUMBER($D75),$D75>=DATE(2026,2,15),$D75<=DATE(2026,2,28)),"█","") | I75: =IF(AND(ISNUMBER($D75),$D75>=DATE(2026,3,1),$D75<=DATE(2026,3,15)),"█","") | J75: =IF(AND(ISNUMBER($D75),$D75>=DATE(2026,3,16),$D75<=DATE(2026,3,31)),"█","") | K75: =IF(AND(ISNUMBER($D75),$D75>=DATE(2026,4,1),$D75<=DATE(2026,4,15)),"█","") | L75: =IF(AND(ISNUMBER($D75),$D75>=DATE(2026,4,16),$D75<=DATE(2026,4,30)),"█","") | M75: =IF(AND(ISNUMBER($D75),$D75>=DATE(2026,5,1),$D75<=DATE(2026,5,15)),"█","") | N75: =IF(AND(ISNUMBER($D75),$D75>=DATE(2026,5,16),$D75<=DATE(2026,5,31)),"█","") | O75: =IF(AND(ISNUMBER($D75),$D75>=DATE(2026,6,1),$D75<=DATE(2026,6,15)),"█","") | P75: =IF(AND(ISNUMBER($D75),$D75>=DATE(2026,6,16),$D75<=DATE(2026,6,30)),"█","") | Q75: =IF(AND(ISNUMBER($D75),$D75>DATE(2026,6,30)),"█","") | R75: ='Maintenance PSURs'!O41 -> N/A
A76: ='Maintenance PSURs'!C42 -> PSUR016 | B76: ='Maintenance PSURs'!L42 -> Harish | C76: ='Maintenance PSURs'!K42 -> Not Started | D76: ='Maintenance PSURs'!J42 -> 46203 | E76: =IF(AND(ISNUMBER($D76),$D76>=DATE(2026,1,1),$D76<=DATE(2026,1,15)),"█","") | F76: =IF(AND(ISNUMBER($D76),$D76>=DATE(2026,1,16),$D76<=DATE(2026,1,31)),"█","") | G76: =IF(AND(ISNUMBER($D76),$D76>=DATE(2026,2,1),$D76<=DATE(2026,2,14)),"█","") | H76: =IF(AND(ISNUMBER($D76),$D76>=DATE(2026,2,15),$D76<=DATE(2026,2,28)),"█","") | I76: =IF(AND(ISNUMBER($D76),$D76>=DATE(2026,3,1),$D76<=DATE(2026,3,15)),"█","") | J76: =IF(AND(ISNUMBER($D76),$D76>=DATE(2026,3,16),$D76<=DATE(2026,3,31)),"█","") | K76: =IF(AND(ISNUMBER($D76),$D76>=DATE(2026,4,1),$D76<=DATE(2026,4,15)),"█","") | L76: =IF(AND(ISNUMBER($D76),$D76>=DATE(2026,4,16),$D76<=DATE(2026,4,30)),"█","") | M76: =IF(AND(ISNUMBER($D76),$D76>=DATE(2026,5,1),$D76<=DATE(2026,5,15)),"█","") | N76: =IF(AND(ISNUMBER($D76),$D76>=DATE(2026,5,16),$D76<=DATE(2026,5,31)),"█","") | O76: =IF(AND(ISNUMBER($D76),$D76>=DATE(2026,6,1),$D76<=DATE(2026,6,15)),"█","") | P76: =IF(AND(ISNUMBER($D76),$D76>=DATE(2026,6,16),$D76<=DATE(2026,6,30)),"█","") -> █ | Q76: =IF(AND(ISNUMBER($D76),$D76>DATE(2026,6,30)),"█","") | R76: ='Maintenance PSURs'!O42 -> 85
A77: ='Maintenance PSURs'!#REF! -> #REF! | B77: ='Maintenance PSURs'!#REF! -> #REF! | C77: ='Maintenance PSURs'!#REF! -> #REF! | D77: ='Maintenance PSURs'!#REF! -> #REF! | E77: =IF(AND(ISNUMBER($D77),$D77>=DATE(2026,1,1),$D77<=DATE(2026,1,15)),"█","") -> #REF! | F77: =IF(AND(ISNUMBER($D77),$D77>=DATE(2026,1,16),$D77<=DATE(2026,1,31)),"█","") -> #REF! | G77: =IF(AND(ISNUMBER($D77),$D77>=DATE(2026,2,1),$D77<=DATE(2026,2,14)),"█","") -> #REF! | H77: =IF(AND(ISNUMBER($D77),$D77>=DATE(2026,2,15),$D77<=DATE(2026,2,28)),"█","") -> #REF! | I77: =IF(AND(ISNUMBER($D77),$D77>=DATE(2026,3,1),$D77<=DATE(2026,3,15)),"█","") -> #REF! | J77: =IF(AND(ISNUMBER($D77),$D77>=DATE(2026,3,16),$D77<=DATE(2026,3,31)),"█","") -> #REF! | K77: =IF(AND(ISNUMBER($D77),$D77>=DATE(2026,4,1),$D77<=DATE(2026,4,15)),"█","") -> #REF! | L77: =IF(AND(ISNUMBER($D77),$D77>=DATE(2026,4,16),$D77<=DATE(2026,4,30)),"█","") -> #REF! | M77: =IF(AND(ISNUMBER($D77),$D77>=DATE(2026,5,1),$D77<=DATE(2026,5,15)),"█","") -> #REF! | N77: =IF(AND(ISNUMBER($D77),$D77>=DATE(2026,5,16),$D77<=DATE(2026,5,31)),"█","") -> #REF! | O77: =IF(AND(ISNUMBER($D77),$D77>=DATE(2026,6,1),$D77<=DATE(2026,6,15)),"█","") -> #REF! | P77: =IF(AND(ISNUMBER($D77),$D77>=DATE(2026,6,16),$D77<=DATE(2026,6,30)),"█","") -> #REF! | Q77: =IF(AND(ISNUMBER($D77),$D77>DATE(2026,6,30)),"█","") -> #REF! | R77: ='Maintenance PSURs'!#REF! -> #REF!
A78: ='Maintenance PSURs'!C43 -> PSUR130 | B78: ='Maintenance PSURs'!L43 -> TBD | C78: ='Maintenance PSURs'!K43 -> Not Started | D78: ='Maintenance PSURs'!J43 -> 46228 | E78: =IF(AND(ISNUMBER($D78),$D78>=DATE(2026,1,1),$D78<=DATE(2026,1,15)),"█","") | F78: =IF(AND(ISNUMBER($D78),$D78>=DATE(2026,1,16),$D78<=DATE(2026,1,31)),"█","") | G78: =IF(AND(ISNUMBER($D78),$D78>=DATE(2026,2,1),$D78<=DATE(2026,2,14)),"█","") | H78: =IF(AND(ISNUMBER($D78),$D78>=DATE(2026,2,15),$D78<=DATE(2026,2,28)),"█","") | I78: =IF(AND(ISNUMBER($D78),$D78>=DATE(2026,3,1),$D78<=DATE(2026,3,15)),"█","") | J78: =IF(AND(ISNUMBER($D78),$D78>=DATE(2026,3,16),$D78<=DATE(2026,3,31)),"█","") | K78: =IF(AND(ISNUMBER($D78),$D78>=DATE(2026,4,1),$D78<=DATE(2026,4,15)),"█","") | L78: =IF(AND(ISNUMBER($D78),$D78>=DATE(2026,4,16),$D78<=DATE(2026,4,30)),"█","") | M78: =IF(AND(ISNUMBER($D78),$D78>=DATE(2026,5,1),$D78<=DATE(2026,5,15)),"█","") | N78: =IF(AND(ISNUMBER($D78),$D78>=DATE(2026,5,16),$D78<=DATE(2026,5,31)),"█","") | O78: =IF(AND(ISNUMBER($D78),$D78>=DATE(2026,6,1),$D78<=DATE(2026,6,15)),"█","") | P78: =IF(AND(ISNUMBER($D78),$D78>=DATE(2026,6,16),$D78<=DATE(2026,6,30)),"█","") | Q78: =IF(AND(ISNUMBER($D78),$D78>DATE(2026,6,30)),"█","") -> █ | R78: ='Maintenance PSURs'!O43 -> 110
A79: ='Maintenance PSURs'!C44 -> PSUR131 | B79: ='Maintenance PSURs'!L44 -> TBD | C79: ='Maintenance PSURs'!K44 -> Not Started | D79: ='Maintenance PSURs'!J44 -> 46332 | E79: =IF(AND(ISNUMBER($D79),$D79>=DATE(2026,1,1),$D79<=DATE(2026,1,15)),"█","") | F79: =IF(AND(ISNUMBER($D79),$D79>=DATE(2026,1,16),$D79<=DATE(2026,1,31)),"█","") | G79: =IF(AND(ISNUMBER($D79),$D79>=DATE(2026,2,1),$D79<=DATE(2026,2,14)),"█","") | H79: =IF(AND(ISNUMBER($D79),$D79>=DATE(2026,2,15),$D79<=DATE(2026,2,28)),"█","") | I79: =IF(AND(ISNUMBER($D79),$D79>=DATE(2026,3,1),$D79<=DATE(2026,3,15)),"█","") | J79: =IF(AND(ISNUMBER($D79),$D79>=DATE(2026,3,16),$D79<=DATE(2026,3,31)),"█","") | K79: =IF(AND(ISNUMBER($D79),$D79>=DATE(2026,4,1),$D79<=DATE(2026,4,15)),"█","") | L79: =IF(AND(ISNUMBER($D79),$D79>=DATE(2026,4,16),$D79<=DATE(2026,4,30)),"█","") | M79: =IF(AND(ISNUMBER($D79),$D79>=DATE(2026,5,1),$D79<=DATE(2026,5,15)),"█","") | N79: =IF(AND(ISNUMBER($D79),$D79>=DATE(2026,5,16),$D79<=DATE(2026,5,31)),"█","") | O79: =IF(AND(ISNUMBER($D79),$D79>=DATE(2026,6,1),$D79<=DATE(2026,6,15)),"█","") | P79: =IF(AND(ISNUMBER($D79),$D79>=DATE(2026,6,16),$D79<=DATE(2026,6,30)),"█","") | Q79: =IF(AND(ISNUMBER($D79),$D79>DATE(2026,6,30)),"█","") -> █ | R79: ='Maintenance PSURs'!O44 -> 214
A81: LEGEND: | B81: █ Completed | C81: █ In Progress | D81: █ Not Started | E81: █ TBD | G81: Today: | H81: =TODAY() -> 46118 | I81: Total PSURs: | J81: =COUNTA(A3:A79)-COUNTBLANK(A3:A79) -> 77

Sheet BSI PSURs
A1: MDR Certificate | B1: TD | C1: PSUR/PMSR ID | D1: Product Name | E1: Class | F1: Type | G1: Start Period | H1: End Period | I1: Frequency | J1: Due Date | K1: Status | L1: Writer | M1: Combined PSUR | N1: Notes | O1: Days Remaining | P1: Priority | Q1: Quarter | R1: Completion % | S1: Overdue?
A2: MDR 768142 | B2: TD019 | C2: PSUR019 | D2: Blast Freeze/BlastThaw | E2: III | F2: Media | G2: 45658 | H2: 46022 | I2: 1 year | J2: 46164 | K2: In progress | L2: Harish | M2: None | N2: BSI submissiom 18 May 2026 | O2: =IF(K2="Completed","-",IF(ISNUMBER(J2),J2-TODAY(),"N/A")) -> 46 | P2: =IF(K2="Completed","✅ DONE",IF(ISNUMBER(O2),IF(O2<0,"🔴 OVERDUE",IF(O2<=30,"🟠 URGENT",IF(O2<=60,"🟡 SOON","🟢 ON TRACK"))),"⚪ TBD")) -> 🟡 SOON | Q2: =IF(ISNUMBER(J2),"Q"&INT((MONTH(J2)-1)/3)+1&" "&YEAR(J2),"TBD") -> Q2 2026 | R2: =IF(K2="Completed",100,IF(K2="In progress",50,IF(K2="Assigned",25,IF(K2="Not Started",0,IF(K2="TBD",0,0))))) -> 50 | S2: =IF(AND(ISNUMBER(O2),O2<0,K2<>"Completed"),"⚠️ YES","No") -> No
A3: MDR 768143 | B3: TD022 | C3: PSUR022 | D3: Embryo Freezing & Thawing Pack | E3: III | F3: Media | G3: 45474 | H3: 46022 | I3: 1 year | J3: 46160 | K3: Not Started | L3: Venkata | M3: None | N3: BSI submissiom 18 May 2026, this reporting is completed in old template need to complete in new template Stefania is asking for the latest data till December 2025 | O3: =IF(K3="Completed","-",IF(ISNUMBER(J3),J3-TODAY(),"N/A")) -> 42 | P3: =IF(K3="Completed","✅ DONE",IF(ISNUMBER(O3),IF(O3<0,"🔴 OVERDUE",IF(O3<=30,"🟠 URGENT",IF(O3<=60,"🟡 SOON","🟢 ON TRACK"))),"⚪ TBD")) -> 🟡 SOON | Q3: =IF(ISNUMBER(J3),"Q"&INT((MONTH(J3)-1)/3)+1&" "&YEAR(J3),"TBD") -> Q2 2026 | R3: =IF(K3="Completed",100,IF(K3="In progress",50,IF(K3="Assigned",25,IF(K3="Not Started",0,IF(K3="TBD",0,0))))) -> 0 | S3: =IF(AND(ISNUMBER(O3),O3<0,K3<>"Completed"),"⚠️ YES","No") -> No
A4: MDR 768144 | B4: TD031 | C4: PSUR031 | D4: SpermSlow™ (1094) | E4: III | F4: Media | G4: 45658 | H4: 46022 | I4: 1 year | J4: 46120 | K4: In Review | L4: Terence | M4: None | N4: BSI submission on 08 April 2026 | O4: =IF(K4="Completed","-",IF(ISNUMBER(J4),J4-TODAY(),"N/A")) -> 2 | P4: =IF(K4="Completed","✅ DONE",IF(ISNUMBER(O4),IF(O4<0,"🔴 OVERDUE",IF(O4<=30,"🟠 URGENT",IF(O4<=60,"🟡 SOON","🟢 ON TRACK"))),"⚪ TBD")) -> 🟠 URGENT | Q4: =IF(ISNUMBER(J4),"Q"&INT((MONTH(J4)-1)/3)+1&" "&YEAR(J4),"TBD") -> Q2 2026 | R4: =IF(K4="Completed",100,IF(K4="In progress",50,IF(K4="Assigned",25,IF(K4="Not Started",0,IF(K4="TBD",0,0))))) -> 0 | S4: =IF(AND(ISNUMBER(O4),O4<0,K4<>"Completed"),"⚠️ YES","No") -> No
A5: MDR 768145 | B5: TD026 | C5: PSUR026 | D5: MediCult IVM® System (8221) | E5: III | F5: Media | G5: 45658 | H5: 46022 | I5: 1 year | J5: 46059 | K5: Completed | L5: Harish | M5: None | N5: BSI submissiom 11 February 2026 | O5: =IF(K5="Completed","-",IF(ISNUMBER(J5),J5-TODAY(),"N/A")) -> - | P5: =IF(K5="Completed","✅ DONE",IF(ISNUMBER(O5),IF(O5<0,"🔴 OVERDUE",IF(O5<=30,"🟠 URGENT",IF(O5<=60,"🟡 SOON","🟢 ON TRACK"))),"⚪ TBD")) -> ✅ DONE | Q5: =IF(ISNUMBER(J5),"Q"&INT((MONTH(J5)-1)/3)+1&" "&YEAR(J5),"TBD") -> Q1 2026 | R5: =IF(K5="Completed",100,IF(K5="In progress",50,IF(K5="Assigned",25,IF(K5="Not Started",0,IF(K5="TBD",0,0))))) -> 100 | S5: =IF(AND(ISNUMBER(O5),O5<0,K5<>"Completed"),"⚠️ YES","No") -> No
A6: MDR 768146 | B6: TD011 | C6: PSUR011 | D6: Biopsy Medium | E6: III | F6: Media | G6: 45839 | H6: 46203 | I6: Annually | J6: 46227 | K6: Not Started | L6: Terence | M6: None | N6: BSI submission 23 October 2026 | O6: =IF(K6="Completed","-",IF(ISNUMBER(J6),J6-TODAY(),"N/A")) -> 109 | P6: =IF(K6="Completed","✅ DONE",IF(ISNUMBER(O6),IF(O6<0,"🔴 OVERDUE",IF(O6<=30,"🟠 URGENT",IF(O6<=60,"🟡 SOON","🟢 ON TRACK"))),"⚪ TBD")) -> 🟢 ON TRACK | Q6: =IF(ISNUMBER(J6),"Q"&INT((MONTH(J6)-1)/3)+1&" "&YEAR(J6),"TBD") -> Q3 2026 | R6: =IF(K6="Completed",100,IF(K6="In progress",50,IF(K6="Assigned",25,IF(K6="Not Started",0,IF(K6="TBD",0,0))))) -> 0 | S6: =IF(AND(ISNUMBER(O6),O6<0,K6<>"Completed"),"⚠️ YES","No") -> No
A7: MDR 768148 | B7: TD033 | C7: PSUR033 | D7: Universal IVF Medium (1030 & 1031) | E7: III | F7: Media | G7: 45658 | H7: 46022 | I7: 1 year | J7: 46150 | K7: Not Started | L7: Harish | M7: None | N7: BSI submissiom 12 November 2026 | O7: =IF(K7="Completed","-",IF(ISNUMBER(J7),J7-TODAY(),"N/A")) -> 32 | P7: =IF(K7="Completed","✅ DONE",IF(ISNUMBER(O7),IF(O7<0,"🔴 OVERDUE",IF(O7<=30,"🟠 URGENT",IF(O7<=60,"🟡 SOON","🟢 ON TRACK"))),"⚪ TBD")) -> 🟡 SOON | Q7: =IF(ISNUMBER(J7),"Q"&INT((MONTH(J7)-1)/3)+1&" "&YEAR(J7),"TBD") -> Q2 2026 | R7: =IF(K7="Completed",100,IF(K7="In progress",50,IF(K7="Assigned",25,IF(K7="Not Started",0,IF(K7="TBD",0,0))))) -> 0 | S7: =IF(AND(ISNUMBER(O7),O7<0,K7<>"Completed"),"⚠️ YES","No") -> No
A8: MDR 768150 | B8: TD034 | C8: PSUR034 | D8: UTM™ Transfer Medium (1052/1152) | E8: III | F8: Media | G8: 45658 | H8: 46022 | I8: 1 year | J8: 46304 | K8: Not Started | L8: Venkata | M8: None | N8: BSI submission 23 October 2026 | O8: =IF(K8="Completed","-",IF(ISNUMBER(J8),J8-TODAY(),"N/A")) -> 186 | P8: =IF(K8="Completed","✅ DONE",IF(ISNUMBER(O8),IF(O8<0,"🔴 OVERDUE",IF(O8<=30,"🟠 URGENT",IF(O8<=60,"🟡 SOON","🟢 ON TRACK"))),"⚪ TBD")) -> 🟢 ON TRACK | Q8: =IF(ISNUMBER(J8),"Q"&INT((MONTH(J8)-1)/3)+1&" "&YEAR(J8),"TBD") -> Q4 2026 | R8: =IF(K8="Completed",100,IF(K8="In progress",50,IF(K8="Assigned",25,IF(K8="Not Started",0,IF(K8="TBD",0,0))))) -> 0 | S8: =IF(AND(ISNUMBER(O8),O8<0,K8<>"Completed"),"⚠️ YES","No") -> No
A9: MDR 768152 | B9: TD025 | C9: PSUR025 | D9: ICSI Cumulase | E9: III | F9: Media | G9: 45658 | H9: 46022 | I9: 1 year | J9: 46120 | K9: In Review | L9: Harish | M9: None | N9: BSI submissiom 08 April 2026 | O9: =IF(K9="Completed","-",IF(ISNUMBER(J9),J9-TODAY(),"N/A")) -> 2 | P9: =IF(K9="Completed","✅ DONE",IF(ISNUMBER(O9),IF(O9<0,"🔴 OVERDUE",IF(O9<=30,"🟠 URGENT",IF(O9<=60,"🟡 SOON","🟢 ON TRACK"))),"⚪ TBD")) -> 🟠 URGENT | Q9: =IF(ISNUMBER(J9),"Q"&INT((MONTH(J9)-1)/3)+1&" "&YEAR(J9),"TBD") -> Q2 2026 | R9: =IF(K9="Completed",100,IF(K9="In progress",50,IF(K9="Assigned",25,IF(K9="Not Started",0,IF(K9="TBD",0,0))))) -> 0 | S9: =IF(AND(ISNUMBER(O9),O9<0,K9<>"Completed"),"⚠️ YES","No") -> No
A10: MDR 768153 | B10: TD028 | C10: PSUR027 | D10: PVP Clinical Grade (1090) | E10: III | F10: Media | G10: 45292 | H10: 46022 | I10: 1 year | J10: 46059 | K10: Completed | L10: Harish | M10: None | N10: BSI submissiom 11 February 2026 Combine PSUR027, PSUR028, PSUR200 This report for last year is not yet released,Lets combine PSUR027, PSUR028, PSUR200 for 2025, we need to release 2024. | O10: =IF(K10="Completed","-",IF(ISNUMBER(J10),J10-TODAY(),"N/A")) -> - | P10: =IF(K10="Completed","✅ DONE",IF(ISNUMBER(O10),IF(O10<0,"🔴 OVERDUE",IF(O10<=30,"🟠 URGENT",IF(O10<=60,"🟡 SOON","🟢 ON TRACK"))),"⚪ TBD")) -> ✅ DONE | Q10: =IF(ISNUMBER(J10),"Q"&INT((MONTH(J10)-1)/3)+1&" "&YEAR(J10),"TBD") -> Q1 2026 | R10: =IF(K10="Completed",100,IF(K10="In progress",50,IF(K10="Assigned",25,IF(K10="Not Started",0,IF(K10="TBD",0,0))))) -> 100 | S10: =IF(AND(ISNUMBER(O10),O10<0,K10<>"Completed"),"⚠️ YES","No") -> No
B11: TD028 | C11: PSUR028 | D11: PVP Medium (1089) | M11: None | N11: BSI submissiom 11 February 2026 Combine PSUR027, PSUR028, PSUR200 This report for last year is not yet released,Lets combine PSUR027, PSUR028, PSUR200 for 2025, we need to release 2024. | O11: =IF(K11="Completed","-",IF(ISNUMBER(J11),J11-TODAY(),"N/A")) -> N/A | P11: ✅ DONE | Q11: =IF(ISNUMBER(J11),"Q"&INT((MONTH(J11)-1)/3)+1&" "&YEAR(J11),"TBD") -> TBD | R11: =IF(K11="Completed",100,IF(K11="In progress",50,IF(K11="Assigned",25,IF(K11="Not Started",0,IF(K11="TBD",0,0))))) -> 0 | S11: =IF(AND(ISNUMBER(O11),O11<0,K11<>"Completed"),"⚠️ YES","No") -> No
B12: TD028 | C12: PSUR200 | D12: PVP™ 7% Ready to Use Solution Kit (ART-4005-A) | M12: Combined PSUR | N12: BSI submissiom 11 February 2026 Combine PSUR027, PSUR028, PSUR200 This report for last year is not yet released,Lets combine PSUR027, PSUR028, PSUR200 for 2025, we need to release 2024. | O12: =IF(K12="Completed","-",IF(ISNUMBER(J12),J12-TODAY(),"N/A")) -> N/A | P12: ✅ DONE | Q12: =IF(ISNUMBER(J12),"Q"&INT((MONTH(J12)-1)/3)+1&" "&YEAR(J12),"TBD") -> TBD | R12: =IF(K12="Completed",100,IF(K12="In progress",50,IF(K12="Assigned",25,IF(K12="Not Started",0,IF(K12="TBD",0,0))))) -> 0 | S12: =IF(AND(ISNUMBER(O12),O12<0,K12<>"Completed"),"⚠️ YES","No") -> No
A13: MDR 768161 | B13: TD021 | C13: PSUR021 | D13: Cryosperm (1101) | E13: III | F13: Media | G13: 45292 | H13: 46022 | I13: 1 year | J13: 46059 | K13: Completed | L13: Jeff | M13: Combined PSUR | N13: BSI submissiom 11 February 2026 Combine PSUR021, PSUR201, PSUR029, We can have next surveillanc eperiod 1/1/2025 to 12/31/2025 | O13: =IF(K13="Completed","-",IF(ISNUMBER(J13),J13-TODAY(),"N/A")) -> - | P13: =IF(K13="Completed","✅ DONE",IF(ISNUMBER(O13),IF(O13<0,"🔴 OVERDUE",IF(O13<=30,"🟠 URGENT",IF(O13<=60,"🟡 SOON","🟢 ON TRACK"))),"⚪ TBD")) -> ✅ DONE | Q13: =IF(ISNUMBER(J13),"Q"&INT((MONTH(J13)-1)/3)+1&" "&YEAR(J13),"TBD") -> Q1 2026 | R13: =IF(K13="Completed",100,IF(K13="In progress",50,IF(K13="Assigned",25,IF(K13="Not Started",0,IF(K13="TBD",0,0))))) -> 100 | S13: =IF(AND(ISNUMBER(O13),O13<0,K13<>"Completed"),"⚠️ YES","No") -> No
B14: TD021 | C14: PSUR029 | D14: Sperm Freezing Medium | N14: BSI submissiom 11 February 2026 Combine PSUR021, PSUR201, PSUR029, We can have next surveillanc eperiod 1/1/2025 to 12/31/2025 | O14: =IF(K14="Completed","-",IF(ISNUMBER(J14),J14-TODAY(),"N/A")) -> N/A | P14: ✅ DONE | Q14: =IF(ISNUMBER(J14),"Q"&INT((MONTH(J14)-1)/3)+1&" "&YEAR(J14),"TBD") -> TBD | R14: =IF(K14="Completed",100,IF(K14="In progress",50,IF(K14="Assigned",25,IF(K14="Not Started",0,IF(K14="TBD",0,0))))) -> 0 | S14: =IF(AND(ISNUMBER(O14),O14<0,K14<>"Completed"),"⚠️ YES","No") -> No
B15: TD021 | C15: PSUR201 | D15: Quinn's Advantage™ Sperm Freezing Medium | N15: BSI submissiom 11 February 2026 Combine PSUR021, PSUR201, PSUR029, We can have next surveillanc eperiod 1/1/2025 to 12/31/2025 | O15: =IF(K15="Completed","-",IF(ISNUMBER(J15),J15-TODAY(),"N/A")) -> N/A | P15: ✅ DONE | Q15: =IF(ISNUMBER(J15),"Q"&INT((MONTH(J15)-1)/3)+1&" "&YEAR(J15),"TBD") -> TBD | R15: =IF(K15="Completed",100,IF(K15="In progress",50,IF(K15="Assigned",25,IF(K15="Not Started",0,IF(K15="TBD",0,0))))) -> 0 | S15: =IF(AND(ISNUMBER(O15),O15<0,K15<>"Completed"),"⚠️ YES","No") -> No
A16: MDR 768165 | B16: TD020 | C16: PSUR020 | D16: Flushing Medium with Heparin | E16: III | F16: Media | G16: 45658 | H16: 46022 | I16: 1 year | J16: 46136 | K16: Not Started | L16: Jeff | M16: Combined PSUR | N16: BSI submissiom 19 December 2026, PSUR020, PSUR023, PSUR032 and PSUR300 are combined in PSUR020 | O16: =IF(K16="Completed","-",IF(ISNUMBER(J16),J16-TODAY(),"N/A")) -> 18 | P16: =IF(K16="Completed","✅ DONE",IF(ISNUMBER(O16),IF(O16<0,"🔴 OVERDUE",IF(O16<=30,"🟠 URGENT",IF(O16<=60,"🟡 SOON","🟢 ON TRACK"))),"⚪ TBD")) -> 🟠 URGENT | Q16: =IF(ISNUMBER(J16),"Q"&INT((MONTH(J16)-1)/3)+1&" "&YEAR(J16),"TBD") -> Q2 2026 | R16: =IF(K16="Completed",100,IF(K16="In progress",50,IF(K16="Assigned",25,IF(K16="Not Started",0,IF(K16="TBD",0,0))))) -> 0 | S16: =IF(AND(ISNUMBER(O16),O16<0,K16<>"Completed"),"⚠️ YES","No") -> No
B17: TD020 | C17: PSUR023 | D17: SynVitro Flush with Heparin | K17: Not Started | M17: Combined PSUR | N17: BSI submissiom 19 December 2026, PSUR020, PSUR023, PSUR032 and PSUR300 are combined in PSUR020 | O17: =IF(K17="Completed","-",IF(ISNUMBER(J17),J17-TODAY(),"N/A")) -> N/A | P17: 🟠 URGENT | Q17: =IF(ISNUMBER(J17),"Q"&INT((MONTH(J17)-1)/3)+1&" "&YEAR(J17),"TBD") -> TBD | R17: =IF(K17="Completed",100,IF(K17="In progress",50,IF(K17="Assigned",25,IF(K17="Not Started",0,IF(K17="TBD",0,0))))) -> 0 | S17: =IF(AND(ISNUMBER(O17),O17<0,K17<>"Completed"),"⚠️ YES","No") -> No
B18: TD020 | C18: PSUR032 | D18: SynVitro Flush (1584) | K18: Not Started | M18: None | N18: BSI submissiom 19 December 2026, PSUR020, PSUR023, PSUR032 and PSUR300 are combined in PSUR020 | O18: =IF(K18="Completed","-",IF(ISNUMBER(J18),J18-TODAY(),"N/A")) -> N/A | P18: 🟠 URGENT | Q18: =IF(ISNUMBER(J18),"Q"&INT((MONTH(J18)-1)/3)+1&" "&YEAR(J18),"TBD") -> TBD | R18: =IF(K18="Completed",100,IF(K18="In progress",50,IF(K18="Assigned",25,IF(K18="Not Started",0,IF(K18="TBD",0,0))))) -> 0 | S18: =IF(AND(ISNUMBER(O18),O18<0,K18<>"Completed"),"⚠️ YES","No") -> No
B19: TD020 | C19: PSUR300 | D19: LG global collect | K19: TBD | M19: PSUR020 | N19: BSI submissiom 19 December 2026, PSUR020, PSUR023, PSUR032 and PSUR300 are combined in PSUR020 | O19: =IF(K19="Completed","-",IF(ISNUMBER(J19),J19-TODAY(),"N/A")) -> N/A | P19: 🟠 URGENT | Q19: =IF(ISNUMBER(J19),"Q"&INT((MONTH(J19)-1)/3)+1&" "&YEAR(J19),"TBD") -> TBD | R19: =IF(K19="Completed",100,IF(K19="In progress",50,IF(K19="Assigned",25,IF(K19="Not Started",0,IF(K19="TBD",0,0))))) -> 0 | S19: =IF(AND(ISNUMBER(O19),O19<0,K19<>"Completed"),"⚠️ YES","No") -> No
A20: MDR 768166 | B20: TD094 | C20: PSUR030 | D20: Origio Sperm Preparation Medium (1069/1070) | E20: III | F20: Media | G20: 45292 | H20: 45688 | I20: 1 year | J20: 46031 | K20: Completed | L20: Venkata | M20: Combined PSUR | N20: BSI submissiom 09 January 2026 Combine PSUR030, PSUR094, PSUR202 CER deadline 17 March 2026, Combine PSUR030, PSUR094, PSUR202 Need to align on the data collection period 2 PSURs are Jan to Dec 2024, 1 PSUR is Feb 2024 to Jan 2025 | O20: =IF(K20="Completed","-",IF(ISNUMBER(J20),J20-TODAY(),"N/A")) -> - | P20: =IF(K20="Completed","✅ DONE",IF(ISNUMBER(O20),IF(O20<0,"🔴 OVERDUE",IF(O20<=30,"🟠 URGENT",IF(O20<=60,"🟡 SOON","🟢 ON TRACK"))),"⚪ TBD")) -> ✅ DONE | Q20: =IF(ISNUMBER(J20),"Q"&INT((MONTH(J20)-1)/3)+1&" "&YEAR(J20),"TBD") -> Q1 2026 | R20: =IF(K20="Completed",100,IF(K20="In progress",50,IF(K20="Assigned",25,IF(K20="Not Started",0,IF(K20="TBD",0,0))))) -> 100 | S20: =IF(AND(ISNUMBER(O20),O20<0,K20<>"Completed"),"⚠️ YES","No") -> No
B21: TD094 | C21: PSUR094 | D21: Origio Sperm Wash (8405) | N21: BSI submissiom 09 January 2026 Combine PSUR030, PSUR094, PSUR202 CER deadline 17 March 2026, Combine PSUR030, PSUR094, PSUR202 Need to align on the data collection period 2 PSURs are Jan to Dec 2024, 1 PSUR is Feb 2024 to Jan 2025 | O21: =IF(K21="Completed","-",IF(ISNUMBER(J21),J21-TODAY(),"N/A")) -> N/A | P21: ✅ DONE | Q21: =IF(ISNUMBER(J21),"Q"&INT((MONTH(J21)-1)/3)+1&" "&YEAR(J21),"TBD") -> TBD | R21: =IF(K21="Completed",100,IF(K21="In progress",50,IF(K21="Assigned",25,IF(K21="Not Started",0,IF(K21="TBD",0,0))))) -> 0 | S21: =IF(AND(ISNUMBER(O21),O21<0,K21<>"Completed"),"⚠️ YES","No") -> No
B22: TD094 | C22: PSUR202 | D22: Quinn's Sperm Washing Medium | N22: BSI submissiom 09 January 2026 Combine PSUR030, PSUR094, PSUR202 CER deadline 17 March 2026, Combine PSUR030, PSUR094, PSUR202 Need to align on the data collection period 2 PSURs are Jan to Dec 2024, 1 PSUR is Feb 2024 to Jan 2025 | O22: =IF(K22="Completed","-",IF(ISNUMBER(J22),J22-TODAY(),"N/A")) -> N/A | P22: ✅ DONE | Q22: =IF(ISNUMBER(J22),"Q"&INT((MONTH(J22)-1)/3)+1&" "&YEAR(J22),"TBD") -> TBD | R22: =IF(K22="Completed",100,IF(K22="In progress",50,IF(K22="Assigned",25,IF(K22="Not Started",0,IF(K22="TBD",0,0))))) -> 0 | S22: =IF(AND(ISNUMBER(O22),O22<0,K22<>"Completed"),"⚠️ YES","No") -> No
A23: TBD | B23: TD076 | C23: PSUR076 | D23: Vacuum Assisted Delivery System | E23: IIa | F23: Medical Device | G23: 45444 | H23: 46022 | I23: 2 years | J23: 46073 | K23: Completed | L23: Harish | M23: None | N23: Updated the PSUR early for BSI surveillance audit | O23: =IF(K23="Completed","-",IF(ISNUMBER(J23),J23-TODAY(),"N/A")) -> - | P23: =IF(K23="Completed","✅ DONE",IF(ISNUMBER(O23),IF(O23<0,"🔴 OVERDUE",IF(O23<=30,"🟠 URGENT",IF(O23<=60,"🟡 SOON","🟢 ON TRACK"))),"⚪ TBD")) -> ✅ DONE | Q23: =IF(ISNUMBER(J23),"Q"&INT((MONTH(J23)-1)/3)+1&" "&YEAR(J23),"TBD") -> Q1 2026 | R23: =IF(K23="Completed",100,IF(K23="In progress",50,IF(K23="Assigned",25,IF(K23="Not Started",0,IF(K23="TBD",0,0))))) -> 100 | S23: =IF(AND(ISNUMBER(O23),O23<0,K23<>"Completed"),"⚠️ YES","No") -> No
A24: MDR 768167 | B24: TD035 | C24: PSUR035 | D24: ORIGIO® Sequential Blast™ | E24: III | F24: Media | G24: 45839 | H24: 46203 | I24: 1 year | J24: 46233 | K24: Not Started | L24: TBD | M24: PSUR035 | N24: BSI submission 23 October 2026, PSUR035 and PSUR204 are combined in PSUR035 | O24: =IF(K24="Completed","-",IF(ISNUMBER(J24),J24-TODAY(),"N/A")) -> 115 | P24: =IF(K24="Completed","✅ DONE",IF(ISNUMBER(O24),IF(O24<0,"🔴 OVERDUE",IF(O24<=30,"🟠 URGENT",IF(O24<=60,"🟡 SOON","🟢 ON TRACK"))),"⚪ TBD")) -> 🟢 ON TRACK | Q24: =IF(ISNUMBER(J24),"Q"&INT((MONTH(J24)-1)/3)+1&" "&YEAR(J24),"TBD") -> Q3 2026 | R24: =IF(K24="Completed",100,IF(K24="In progress",50,IF(K24="Assigned",25,IF(K24="Not Started",0,IF(K24="TBD",0,0))))) -> 0 | S24: =IF(AND(ISNUMBER(O24),O24<0,K24<>"Completed"),"⚠️ YES","No") -> No
B25: TD035 | C25: PSUR204 | D25: Quinn’s Advantage™ Blastocyst Medium (ART-1029) | N25: BSI submissiom 23 October 2026, PSUR035 and PSUR204 are combined in PSUR035 | O25: =IF(K25="Completed","-",IF(ISNUMBER(J25),J25-TODAY(),"N/A")) -> N/A | P25: 🟢 ON TRACK | Q25: =IF(ISNUMBER(J25),"Q"&INT((MONTH(J25)-1)/3)+1&" "&YEAR(J25),"TBD") -> TBD | R25: =IF(K25="Completed",100,IF(K25="In progress",50,IF(K25="Assigned",25,IF(K25="Not Started",0,IF(K25="TBD",0,0))))) -> 0 | S25: =IF(AND(ISNUMBER(O25),O25<0,K25<>"Completed"),"⚠️ YES","No") -> No
A26: MDR 768172 | B26: TD037 | C26: PSUR037 | D26: ORIGIO® Sequential Fert™ | E26: III | F26: Media | G26: 45292 | H26: 45657 | I26: 1 year | J26: 46031 | K26: Completed | L26: Harish | M26: Combined PSUR | N26: BSI submissiom 09 January 2026 Combine PSUR037, PSUR206, PSUR304 | O26: =IF(K26="Completed","-",IF(ISNUMBER(J26),J26-TODAY(),"N/A")) -> - | P26: =IF(K26="Completed","✅ DONE",IF(ISNUMBER(O26),IF(O26<0,"🔴 OVERDUE",IF(O26<=30,"🟠 URGENT",IF(O26<=60,"🟡 SOON","🟢 ON TRACK"))),"⚪ TBD")) -> ✅ DONE | Q26: =IF(ISNUMBER(J26),"Q"&INT((MONTH(J26)-1)/3)+1&" "&YEAR(J26),"TBD") -> Q1 2026 | R26: =IF(K26="Completed",100,IF(K26="In progress",50,IF(K26="Assigned",25,IF(K26="Not Started",0,IF(K26="TBD",0,0))))) -> 100 | S26: =IF(AND(ISNUMBER(O26),O26<0,K26<>"Completed"),"⚠️ YES","No") -> No
A27: MDR 768173 | B27: TD036 | C27: PSUR036 | D27: ORIGIO® Sequential Cleav™ | E27: III | F27: Media | G27: 45658 | H27: 46022 | I27: 1 year | J27: 46193 | K27: Not Started | L27: Venkata | M27: None | N27: BSI submissiom 12 November 2026, PSUR036 and PSUR0208 are combined in PSUR036 | O27: =IF(K27="Completed","-",IF(ISNUMBER(J27),J27-TODAY(),"N/A")) -> 75 | P27: =IF(K27="Completed","✅ DONE",IF(ISNUMBER(O27),IF(O27<0,"🔴 OVERDUE",IF(O27<=30,"🟠 URGENT",IF(O27<=60,"🟡 SOON","🟢 ON TRACK"))),"⚪ TBD")) -> 🟢 ON TRACK | Q27: =IF(ISNUMBER(J27),"Q"&INT((MONTH(J27)-1)/3)+1&" "&YEAR(J27),"TBD") -> Q2 2026 | R27: =IF(K27="Completed",100,IF(K27="In progress",50,IF(K27="Assigned",25,IF(K27="Not Started",0,IF(K27="TBD",0,0))))) -> 0 | S27: =IF(AND(ISNUMBER(O27),O27<0,K27<>"Completed"),"⚠️ YES","No") -> No
B28: TD036 | C28: PSUR208 | D28: Quinn’s Advantage™ Cleavage Medium | L28: Harish | M28: PSUR036 | N28: BSI submissiom 12 November 2026, PSUR036 and PSUR0208 are combined in PSUR036 | O28: =IF(K28="Completed","-",IF(ISNUMBER(J28),J28-TODAY(),"N/A")) -> N/A | P28: 🟢 ON TRACK | Q28: =IF(ISNUMBER(J28),"Q"&INT((MONTH(J28)-1)/3)+1&" "&YEAR(J28),"TBD") -> TBD | R28: =IF(K28="Completed",100,IF(K28="In progress",50,IF(K28="Assigned",25,IF(K28="Not Started",0,IF(K28="TBD",0,0))))) -> 0 | S28: =IF(AND(ISNUMBER(O28),O28<0,K28<>"Completed"),"⚠️ YES","No") -> No
A29: MDR 768174 | B29: TD095 | C29: PSUR095 | D29: ORIGIO® Gradient™ 100, ORIGIO® Gradient™ 90 , and ORIGIO® Gradient™ 40/80 / Density gradient product family | E29: III | F29: Media | G29: 45658 | H29: 46022 | I29: 1 year | J29: 46129 | K29: TBD | L29: Venkata | M29: PSUR095 | N29: CER deadline 13 April 2026. BSI submissiom 12 November 2026, PSUR095 and PSUR0209 are combined in PSUR095 | O29: =IF(K29="Completed","-",IF(ISNUMBER(J29),J29-TODAY(),"N/A")) -> 11 | P29: =IF(K29="Completed","✅ DONE",IF(ISNUMBER(O29),IF(O29<0,"🔴 OVERDUE",IF(O29<=30,"🟠 URGENT",IF(O29<=60,"🟡 SOON","🟢 ON TRACK"))),"⚪ TBD")) -> 🟠 URGENT | Q29: =IF(ISNUMBER(J29),"Q"&INT((MONTH(J29)-1)/3)+1&" "&YEAR(J29),"TBD") -> Q2 2026 | R29: =IF(K29="Completed",100,IF(K29="In progress",50,IF(K29="Assigned",25,IF(K29="Not Started",0,IF(K29="TBD",0,0))))) -> 0 | S29: =IF(AND(ISNUMBER(O29),O29<0,K29<>"Completed"),"⚠️ YES","No") -> No
B30: TD095 | C30: PSUR209 | D30: PureCeption 24-determination Kit, 40% Upper Phase, 80% Lower Phase, 100% Isotonic Solution | N30: CER deadline 13 April 2026. BSI submissiom 12 November 2026, PSUR095 and PSUR0209 are combined in PSUR095 | O30: =IF(K30="Completed","-",IF(ISNUMBER(J30),J30-TODAY(),"N/A")) -> N/A | P30: 🟠 URGENT | Q30: =IF(ISNUMBER(J30),"Q"&INT((MONTH(J30)-1)/3)+1&" "&YEAR(J30),"TBD") -> TBD | R30: =IF(K30="Completed",100,IF(K30="In progress",50,IF(K30="Assigned",25,IF(K30="Not Started",0,IF(K30="TBD",0,0))))) -> 0 | S30: =IF(AND(ISNUMBER(O30),O30<0,K30<>"Completed"),"⚠️ YES","No") -> No
A31: MDR 768176 | B31: TD102 | C31: PSUR102 | D31: EmbryoGen, BlastGen, EmbryoGen® & BlastGen | E31: III | F31: Media | G31: 45413 | H31: 45777 | I31: 1 year | J31: 46031 | K31: Completed | L31: Harish | M31: None | N31: BSI submissiom 05 January 2026, CER deadline 13 March 2026 | O31: =IF(K31="Completed","-",IF(ISNUMBER(J31),J31-TODAY(),"N/A")) -> - | P31: =IF(K31="Completed","✅ DONE",IF(ISNUMBER(O31),IF(O31<0,"🔴 OVERDUE",IF(O31<=30,"🟠 URGENT",IF(O31<=60,"🟡 SOON","🟢 ON TRACK"))),"⚪ TBD")) -> ✅ DONE | Q31: =IF(ISNUMBER(J31),"Q"&INT((MONTH(J31)-1)/3)+1&" "&YEAR(J31),"TBD") -> Q1 2026 | R31: =IF(K31="Completed",100,IF(K31="In progress",50,IF(K31="Assigned",25,IF(K31="Not Started",0,IF(K31="TBD",0,0))))) -> 100 | S31: =IF(AND(ISNUMBER(O31),O31<0,K31<>"Completed"),"⚠️ YES","No") -> No
A32: MDR 768180 | B32: TD114 | C32: PSUR212 | D32: Human Serum Albumin (ART-3001) (ART-3003) HSA 12 x 5 ml (GHSA-125) | E32: III | F32: Media | G32: 45474 | H32: 45838 | I32: 1 year | J32: 46112 | K32: Completed | L32: Jeff | M32: PSUR212 | N32: BSI submissiom 08 April 2026, PSUR212 and PSUR306 are addressed in PSUR212 3-6-26 Currently in Stakeholder Review | O32: =IF(K32="Completed","-",IF(ISNUMBER(J32),J32-TODAY(),"N/A")) -> - | P32: =IF(K32="Completed","✅ DONE",IF(ISNUMBER(O32),IF(O32<0,"🔴 OVERDUE",IF(O32<=30,"🟠 URGENT",IF(O32<=60,"🟡 SOON","🟢 ON TRACK"))),"⚪ TBD")) -> ✅ DONE | Q32: =IF(ISNUMBER(J32),"Q"&INT((MONTH(J32)-1)/3)+1&" "&YEAR(J32),"TBD") -> Q1 2026 | R32: =IF(K32="Completed",100,IF(K32="In progress",50,IF(K32="Assigned",25,IF(K32="Not Started",0,IF(K32="TBD",0,0))))) -> 100 | S32: =IF(AND(ISNUMBER(O32),O32<0,K32<>"Completed"),"⚠️ YES","No") -> No
B33: TD114 | C33: PSUR306 | D33: HSA 12 x 5 ml (GHSA-125) | N33: BSI submissiom 08 April 2026, PSUR212 and PSUR306 are addressed in PSUR212 | O33: =IF(K33="Completed","-",IF(ISNUMBER(J33),J33-TODAY(),"N/A")) -> N/A | P33: ✅ DONE | Q33: =IF(ISNUMBER(J33),"Q"&INT((MONTH(J33)-1)/3)+1&" "&YEAR(J33),"TBD") -> TBD | R33: =IF(K33="Completed",100,IF(K33="In progress",50,IF(K33="Assigned",25,IF(K33="Not Started",0,IF(K33="TBD",0,0))))) -> 0 | S33: =IF(AND(ISNUMBER(O33),O33<0,K33<>"Completed"),"⚠️ YES","No") -> No
A34: MDR 768181 | B34: TD092 | C34: PSUR092 | D34: Medicult Vitrification Cooling, MediCult Vitrification Warming Sage™ Vitrification Kit (ART-8026), Sage™ Vitrification Warming Kit, Sage ViaBl SuperFast Blastocyst Warming Media (ART-8035) | E34: III | F34: Media | G34: 45658 | H34: 46022 | I34: 1 year | J34: 46199 | K34: Not Started | L34: Venkata | M34: Combined PSUR | N34: BSI submissiom 19 December 2026, PSUR213 and PSUR092 are combined in PSUR092 | O34: =IF(K34="Completed","-",IF(ISNUMBER(J34),J34-TODAY(),"N/A")) -> 81 | P34: =IF(K34="Completed","✅ DONE",IF(ISNUMBER(O34),IF(O34<0,"🔴 OVERDUE",IF(O34<=30,"🟠 URGENT",IF(O34<=60,"🟡 SOON","🟢 ON TRACK"))),"⚪ TBD")) -> 🟢 ON TRACK | Q34: =IF(ISNUMBER(J34),"Q"&INT((MONTH(J34)-1)/3)+1&" "&YEAR(J34),"TBD") -> Q2 2026 | R34: =IF(K34="Completed",100,IF(K34="In progress",50,IF(K34="Assigned",25,IF(K34="Not Started",0,IF(K34="TBD",0,0))))) -> 0 | S34: =IF(AND(ISNUMBER(O34),O34<0,K34<>"Completed"),"⚠️ YES","No") -> No
B35: TD092 | C35: PSUR213 | D35: Sage™ Vitrification Kit (ART-8026), Sage™ Vitrification Warming Kit, Sage ViaBl SuperFast Blastocyst Warming Media (ART-8035) | N35: BSI submissiom 19 December 2026, PSUR213 and PSUR092 are combined in PSUR092 | O35: =IF(K35="Completed","-",IF(ISNUMBER(J35),J35-TODAY(),"N/A")) -> N/A | P35: 🟢 ON TRACK | Q35: =IF(ISNUMBER(J35),"Q"&INT((MONTH(J35)-1)/3)+1&" "&YEAR(J35),"TBD") -> TBD | R35: =IF(K35="Completed",100,IF(K35="In progress",50,IF(K35="Assigned",25,IF(K35="Not Started",0,IF(K35="TBD",0,0))))) -> 0 | S35: =IF(AND(ISNUMBER(O35),O35<0,K35<>"Completed"),"⚠️ YES","No") -> No
A36: MDR 768183 | B36: TD089 | C36: PSUR046 | D36: Sage 1-Step GM-CSF | E36: III | F36: Media | G36: 45839 | H36: 46203 | I36: 1 year | J36: 46225 | K36: Not Started | L36: TBD | M36: Combined PSUR | N36: BSI submissiom 28 July 2026, PSUR046, PSUR089, PSUR308 and PSUR309 are combined in PSUR089 | O36: =IF(K36="Completed","-",IF(ISNUMBER(J36),J36-TODAY(),"N/A")) -> 107 | P36: =IF(K36="Completed","✅ DONE",IF(ISNUMBER(O36),IF(O36<0,"🔴 OVERDUE",IF(O36<=30,"🟠 URGENT",IF(O36<=60,"🟡 SOON","🟢 ON TRACK"))),"⚪ TBD")) -> 🟢 ON TRACK | Q36: =IF(ISNUMBER(J36),"Q"&INT((MONTH(J36)-1)/3)+1&" "&YEAR(J36),"TBD") -> Q3 2026 | R36: =IF(K36="Completed",100,IF(K36="In progress",50,IF(K36="Assigned",25,IF(K36="Not Started",0,IF(K36="TBD",0,0))))) -> 0 | S36: =IF(AND(ISNUMBER(O36),O36<0,K36<>"Completed"),"⚠️ YES","No") -> No
B37: TD089 | C37: PSUR089 | D37: SAGE 1-Step | G37: 45839 | N37: BSI submissiom 28 July 2026, PSUR046, PSUR089, PSUR308 and PSUR309 are combined in PSUR089 | O37: =IF(K37="Completed","-",IF(ISNUMBER(J37),J37-TODAY(),"N/A")) -> N/A | P37: 🟢 ON TRACK | Q37: =IF(ISNUMBER(J37),"Q"&INT((MONTH(J37)-1)/3)+1&" "&YEAR(J37),"TBD") -> TBD | R37: =IF(K37="Completed",100,IF(K37="In progress",50,IF(K37="Assigned",25,IF(K37="Not Started",0,IF(K37="TBD",0,0))))) -> 0 | S37: =IF(AND(ISNUMBER(O37),O37<0,K37<>"Completed"),"⚠️ YES","No") -> No
B38: TD089 | C38: PSUR308 | D38: LG Global | G38: 45839 | N38: BSI submissiom 28 July 2026, PSUR046, PSUR089, PSUR308 and PSUR309 are combined in PSUR089 | O38: =IF(K38="Completed","-",IF(ISNUMBER(J38),J38-TODAY(),"N/A")) -> N/A | P38: 🟢 ON TRACK | Q38: =IF(ISNUMBER(J38),"Q"&INT((MONTH(J38)-1)/3)+1&" "&YEAR(J38),"TBD") -> TBD | R38: =IF(K38="Completed",100,IF(K38="In progress",50,IF(K38="Assigned",25,IF(K38="Not Started",0,IF(K38="TBD",0,0))))) -> 0 | S38: =IF(AND(ISNUMBER(O38),O38<0,K38<>"Completed"),"⚠️ YES","No") -> No
B39: TD089 | C39: PSUR309 | D39: LG global total LP | G39: 45658 | N39: BSI submissiom 28 July 2026, PSUR046, PSUR089, PSUR308 and PSUR309 are combined in PSUR089 | O39: =IF(K39="Completed","-",IF(ISNUMBER(J39),J39-TODAY(),"N/A")) -> N/A | P39: 🟢 ON TRACK | Q39: =IF(ISNUMBER(J39),"Q"&INT((MONTH(J39)-1)/3)+1&" "&YEAR(J39),"TBD") -> TBD | R39: =IF(K39="Completed",100,IF(K39="In progress",50,IF(K39="Assigned",25,IF(K39="Not Started",0,IF(K39="TBD",0,0))))) -> 0 | S39: =IF(AND(ISNUMBER(O39),O39<0,K39<>"Completed"),"⚠️ YES","No") -> No
A40: MDR 768184 | B40: TD045 | C40: PSUR045 | D40: ORIGIO® Handling™ | E40: III | F40: Media | G40: 45839 | H40: 46203 | I40: 1 year | J40: 46241 | K40: Not Started | L40: TBD | M40: Combined PSUR | N40: BSI submissiom 19 December 2026, PSUR214, PSUR045, PSUR310 and PSUR311 are combined in PSUR045 | O40: =IF(K40="Completed","-",IF(ISNUMBER(J40),J40-TODAY(),"N/A")) -> 123 | P40: =IF(K40="Completed","✅ DONE",IF(ISNUMBER(O40),IF(O40<0,"🔴 OVERDUE",IF(O40<=30,"🟠 URGENT",IF(O40<=60,"🟡 SOON","🟢 ON TRACK"))),"⚪ TBD")) -> 🟢 ON TRACK | Q40: =IF(ISNUMBER(J40),"Q"&INT((MONTH(J40)-1)/3)+1&" "&YEAR(J40),"TBD") -> Q3 2026 | R40: =IF(K40="Completed",100,IF(K40="In progress",50,IF(K40="Assigned",25,IF(K40="Not Started",0,IF(K40="TBD",0,0))))) -> 0 | S40: =IF(AND(ISNUMBER(O40),O40<0,K40<>"Completed"),"⚠️ YES","No") -> No
B41: TD045 | C41: PSUR214 | D41: Quinn's Advantage Medium with HEPES | N41: BSI submissiom 19 December 2026, PSUR214, PSUR045, PSUR310 and PSUR311 are combined in PSUR045 | O41: =IF(K41="Completed","-",IF(ISNUMBER(J41),J41-TODAY(),"N/A")) -> N/A | P41: 🟢 ON TRACK | Q41: =IF(ISNUMBER(J41),"Q"&INT((MONTH(J41)-1)/3)+1&" "&YEAR(J41),"TBD") -> TBD | R41: =IF(K41="Completed",100,IF(K41="In progress",50,IF(K41="Assigned",25,IF(K41="Not Started",0,IF(K41="TBD",0,0))))) -> 0 | S41: =IF(AND(ISNUMBER(O41),O41<0,K41<>"Completed"),"⚠️ YES","No") -> No
B42: TD045 | C42: PSUR310 | D42: LG global total LP w/ HEPES | N42: BSI submissiom 19 December 2026, PSUR214, PSUR045, PSUR310 and PSUR311 are combined in PSUR045 | O42: =IF(K42="Completed","-",IF(ISNUMBER(J42),J42-TODAY(),"N/A")) -> N/A | P42: 🟢 ON TRACK | Q42: =IF(ISNUMBER(J42),"Q"&INT((MONTH(J42)-1)/3)+1&" "&YEAR(J42),"TBD") -> TBD | R42: =IF(K42="Completed",100,IF(K42="In progress",50,IF(K42="Assigned",25,IF(K42="Not Started",0,IF(K42="TBD",0,0))))) -> 0 | S42: =IF(AND(ISNUMBER(O42),O42<0,K42<>"Completed"),"⚠️ YES","No") -> No
B43: TD045 | C43: PSUR311 | D43: LG global w/ HEPES | N43: BSI submissiom 19 December 2026, PSUR214, PSUR045, PSUR310 and PSUR311 are combined in PSUR045 | O43: =IF(K43="Completed","-",IF(ISNUMBER(J43),J43-TODAY(),"N/A")) -> N/A | P43: 🟢 ON TRACK | Q43: =IF(ISNUMBER(J43),"Q"&INT((MONTH(J43)-1)/3)+1&" "&YEAR(J43),"TBD") -> TBD | R43: =IF(K43="Completed",100,IF(K43="In progress",50,IF(K43="Assigned",25,IF(K43="Not Started",0,IF(K43="TBD",0,0))))) -> 0 | S43: =IF(AND(ISNUMBER(O43),O43<0,K43<>"Completed"),"⚠️ YES","No") -> No
A44: MDR 768186 | B44: TD117 | C44: PSUR215 | D44: Quinn's Advantage™ Thaw Kit | E44: III | F44: Media | G44: 45292 | H44: 46022 | I44: 1 year | J44: 46146 | K44: In Review | L44: Harish | M44: Combined PSUR | N44: BSI submissiom 18 May 2026, Writed to check to combine 2024 and 2025 | O44: =IF(K44="Completed","-",IF(ISNUMBER(J44),J44-TODAY(),"N/A")) -> 28 | P44: =IF(K44="Completed","✅ DONE",IF(ISNUMBER(O44),IF(O44<0,"🔴 OVERDUE",IF(O44<=30,"🟠 URGENT",IF(O44<=60,"🟡 SOON","🟢 ON TRACK"))),"⚪ TBD")) -> 🟠 URGENT | Q44: =IF(ISNUMBER(J44),"Q"&INT((MONTH(J44)-1)/3)+1&" "&YEAR(J44),"TBD") -> Q2 2026 | R44: =IF(K44="Completed",100,IF(K44="In progress",50,IF(K44="Assigned",25,IF(K44="Not Started",0,IF(K44="TBD",0,0))))) -> 0 | S44: =IF(AND(ISNUMBER(O44),O44<0,K44<>"Completed"),"⚠️ YES","No") -> No
A45: MDR 768190 | B45: TD053 | C45: PSUR053 | D45: INSORB Skin Stapler and Forceps | E45: III | F45: Medical Device | G45: 45778 | H45: 46142 | I45: 1 year | J45: 46143 | K45: Not Started | L45: Venkata | M45: None | N45: BSI submission on 17 May 2026 | O45: =IF(K45="Completed","-",IF(ISNUMBER(J45),J45-TODAY(),"N/A")) -> 25 | P45: =IF(K45="Completed","✅ DONE",IF(ISNUMBER(O45),IF(O45<0,"🔴 OVERDUE",IF(O45<=30,"🟠 URGENT",IF(O45<=60,"🟡 SOON","🟢 ON TRACK"))),"⚪ TBD")) -> 🟠 URGENT | Q45: =IF(ISNUMBER(J45),"Q"&INT((MONTH(J45)-1)/3)+1&" "&YEAR(J45),"TBD") -> Q2 2026 | R45: =IF(K45="Completed",100,IF(K45="In progress",50,IF(K45="Assigned",25,IF(K45="Not Started",0,IF(K45="TBD",0,0))))) -> 0 | S45: =IF(AND(ISNUMBER(O45),O45<0,K45<>"Completed"),"⚠️ YES","No") -> No

Sheet Dashboard
A1: 📊 PSUR SCHEDULE DASHBOARD — Q1 & Q2 2026
A3: KEY PERFORMANCE INDICATORS
A4: Total PSURs | C4: Completed | E4: In Progress | G4: In Review | I4: Not Started | K4: Overdue | M4: Overall Progress
A5: =COUNTA('Maintenance PSURs'!K:K)+COUNTA('BSI PSURs'!K:K)-2 -> 90 | C5: =COUNTIF('Maintenance PSURs'!K:K,"Completed")+COUNTIF('BSI PSURs'!K:K,"Completed") -> 11 | E5: =COUNTIF('Maintenance PSURs'!K:K,"In progress")+COUNTIF('BSI PSURs'!K:K,"In progress") -> 12 | G5: =COUNTIF('Maintenance PSURs'!K:K,"In Review")+COUNTIF('BSI PSURs'!K:K,"In Review") -> 9 | I5: =COUNTIF('Maintenance PSURs'!K:K,"Not Started")+COUNTIF('BSI PSURs'!K:K,"Not Started") -> 54 | K5: =COUNTIF('Maintenance PSURs'!S:S,"⚠️ YES")+COUNTIF('BSI PSURs'!S:S,"⚠️ YES") -> 13 | M5: =IF(A5>0,C5/A5,0) -> 0.12222222
A7: 📊 STATUS BREAKDOWN | E7: 👤 WRITER WORKLOAD | I7: 📅 QUARTERLY VIEW
A8: Status | B8: Count | C8: % of Total | E8: Writer | F8: Assigned | G8: Completed | I8: Quarter | J8: Total | K8: Completed | L8: % Done
A9: Completed | B9: =COUNTIF('Maintenance PSURs'!K:K,"Completed")+COUNTIF('BSI PSURs'!K:K,"Completed") -> 11 | C9: =IF($A$5>0,B9/$A$5,0) -> 0.12222222 | E9: Harish | F9: =COUNTIF('Maintenance PSURs'!L:L,"Harish")+COUNTIF('BSI PSURs'!L:L,"Harish") -> 16 | G9: =COUNTIFS('Maintenance PSURs'!L:L,"Harish",'Maintenance PSURs'!K:K,"Completed")+COUNTIFS('BSI PSURs'!L:L,"Harish",'BSI PSURs'!K:K,"Completed") -> 5 | I9: Q1 2026 | J9: =COUNTIF('Maintenance PSURs'!Q:Q,"Q1 2026")+COUNTIF('BSI PSURs'!Q:Q,"Q1 2026") -> 21 | K9: =COUNTIFS('Maintenance PSURs'!Q:Q,"Q1 2026",'Maintenance PSURs'!K:K,"Completed")+COUNTIFS('BSI PSURs'!Q:Q,"Q1 2026",'BSI PSURs'!K:K,"Completed") -> 9 | L9: =IF(J9>0,K9/J9,0) -> 0.42857143
A10: In progress | B10: =COUNTIF('Maintenance PSURs'!K:K,"In progress")+COUNTIF('BSI PSURs'!K:K,"In progress") -> 12 | C10: =IF($A$5>0,B10/$A$5,0) -> 0.13333333 | E10: Jeff | F10: =COUNTIF('Maintenance PSURs'!L:L,"Jeff")+COUNTIF('BSI PSURs'!L:L,"Jeff") -> 13 | G10: =COUNTIFS('Maintenance PSURs'!L:L,"Jeff",'Maintenance PSURs'!K:K,"Completed")+COUNTIFS('BSI PSURs'!L:L,"Jeff",'BSI PSURs'!K:K,"Completed") -> 2 | I10: Q2 2026 | J10: =COUNTIF('Maintenance PSURs'!Q:Q,"Q2 2026")+COUNTIF('BSI PSURs'!Q:Q,"Q2 2026") -> 24 | K10: =COUNTIFS('Maintenance PSURs'!Q:Q,"Q2 2026",'Maintenance PSURs'!K:K,"Completed")+COUNTIFS('BSI PSURs'!Q:Q,"Q2 2026",'BSI PSURs'!K:K,"Completed") -> 0 | L10: =IF(J10>0,K10/J10,0) -> 0
A11: In Review | B11: =COUNTIF('Maintenance PSURs'!K:K,"In Review")+COUNTIF('BSI PSURs'!K:K,"In Review") -> 9 | C11: =IF($A$5>0,B11/$A$5,0) -> 0.1 | E11: Venkata | F11: =COUNTIF('Maintenance PSURs'!L:L,"Venkata")+COUNTIF('BSI PSURs'!L:L,"Venkata") -> 15 | G11: =COUNTIFS('Maintenance PSURs'!L:L,"Venkata",'Maintenance PSURs'!K:K,"Completed")+COUNTIFS('BSI PSURs'!L:L,"Venkata",'BSI PSURs'!K:K,"Completed") -> 2 | I11: Other | J11: =A5-J9-J10 -> 45 | K11: =C5-K9-K10 -> 2 | L11: =IF(J11>0,K11/J11,0) -> 0.044444444
A12: Assigned | B12: =COUNTIF('Maintenance PSURs'!K:K,"Assigned")+COUNTIF('BSI PSURs'!K:K,"Assigned") -> 2 | C12: =IF($A$5>0,B12/$A$5,0) -> 0.022222222 | E12: Terence | F12: =COUNTIF('Maintenance PSURs'!L:L,"Terence")+COUNTIF('BSI PSURs'!L:L,"Terence") -> 14 | G12: =COUNTIFS('Maintenance PSURs'!L:L,"Terence",'Maintenance PSURs'!K:K,"Completed")+COUNTIFS('BSI PSURs'!L:L,"Terence",'BSI PSURs'!K:K,"Completed") -> 2 | I12: TOTAL | J12: =A5 -> 90 | K12: =C5 -> 11 | L12: =M5 -> 0.12222222
A13: Not Started | B13: =COUNTIF('Maintenance PSURs'!K:K,"Not Started")+COUNTIF('BSI PSURs'!K:K,"Not Started") -> 54 | C13: =IF($A$5>0,B13/$A$5,0) -> 0.6 | E13: TOTAL | F13: =SUM(F9:F12) -> 58 | G13: =SUM(G9:G12) -> 11
A14: TBD | B14: =COUNTIF('Maintenance PSURs'!K:K,"TBD")+COUNTIF('BSI PSURs'!K:K,"TBD") -> 2 | C14: =IF($A$5>0,B14/$A$5,0) -> 0.022222222
A16: 🎯 DEVICE CLASS BREAKDOWN | E16: ⚡ PRIORITY BREAKDOWN | I16: ⏰ NEXT 30 DAYS - CRITICAL DEADLINES
A17: Class | B17: Count | C17: % of Total | E17: Priority | F17: Count | G17: % of Total | I17: Metric | J17: Count
A18: Class III | B18: =COUNTIF('Maintenance PSURs'!E:E,"III")+COUNTIF('BSI PSURs'!E:E,"III") -> 37 | C18: =IF($A$5>0,B18/$A$5,0) -> 0.41111111 | E18: 🔴 OVERDUE | F18: =COUNTIFS('Maintenance PSURs'!P2:P200,"🔴 OVERDUE",'Maintenance PSURs'!K2:K200,"<>")+COUNTIFS('BSI PSURs'!P2:P50,"🔴 OVERDUE",'BSI PSURs'!K2:K50,"<>") -> 10 | G18: =IF($A$5>0,F18/$A$5,0) -> 0.11111111 | I18: Due in 7 days | J18: {=SUMPRODUCT((('Maintenance PSURs'!J:J>=TODAY())*('Maintenance PSURs'!J:J<=TODAY()+7)*1))+SUMPRODUCT((('BSI PSURs'!J:J>=TODAY())*('BSI PSURs'!J:J<=TODAY()+7)*1))} -> 2
A19: Class IIb | B19: =COUNTIF('Maintenance PSURs'!E:E,"IIb")+COUNTIF('Maintenance PSURs'!E:E,"IIB")+COUNTIF('BSI PSURs'!E:E,"IIb")+COUNTIF('BSI PSURs'!E:E,"IIB") -> 16 | C19: =IF($A$5>0,B19/$A$5,0) -> 0.17777778 | E19: 🟠 URGENT | F19: =COUNTIFS('Maintenance PSURs'!P2:P200,"🟠 URGENT",'Maintenance PSURs'!K2:K200,"<>")+COUNTIFS('BSI PSURs'!P2:P50,"🟠 URGENT",'BSI PSURs'!K2:K50,"<>") -> 12 | G19: =IF($A$5>0,F19/$A$5,0) -> 0.13333333 | I19: Due in 14 days | J19: {=SUMPRODUCT((('Maintenance PSURs'!J:J>=TODAY())*('Maintenance PSURs'!J:J<=TODAY()+14)*1))+SUMPRODUCT((('BSI PSURs'!J:J>=TODAY())*('BSI PSURs'!J:J<=TODAY()+14)*1))} -> 3
A20: Class IIa | B20: =COUNTIF('Maintenance PSURs'!E:E,"IIa")+COUNTIF('BSI PSURs'!E:E,"IIa") -> 22 | C20: =IF($A$5>0,B20/$A$5,0) -> 0.24444444 | E20: 🟡 SOON | F20: =COUNTIFS('Maintenance PSURs'!P2:P200,"🟡 SOON",'Maintenance PSURs'!K2:K200,"<>")+COUNTIFS('BSI PSURs'!P2:P50,"🟡 SOON",'BSI PSURs'!K2:K50,"<>") -> 11 | G20: =IF($A$5>0,F20/$A$5,0) -> 0.12222222 | I20: Due in 30 days | J20: {=SUMPRODUCT((('Maintenance PSURs'!J:J>=TODAY())*('Maintenance PSURs'!J:J<=TODAY()+30)*1))+SUMPRODUCT((('BSI PSURs'!J:J>=TODAY())*('BSI PSURs'!J:J<=TODAY()+30)*1))} -> 6
A21: Class I / Is | B21: =COUNTIF('Maintenance PSURs'!E:E,"I")+COUNTIF('Maintenance PSURs'!E:E,"Is")+COUNTIF('BSI PSURs'!E:E,"I")+COUNTIF('BSI PSURs'!E:E,"Is") -> 20 | C21: =IF($A$5>0,B21/$A$5,0) -> 0.22222222 | E21: 🟢 ON TRACK | F21: =COUNTIFS('Maintenance PSURs'!P2:P200,"🟢 ON TRACK",'Maintenance PSURs'!K2:K200,"<>")+COUNTIFS('BSI PSURs'!P2:P50,"🟢 ON TRACK",'BSI PSURs'!K2:K50,"<>") -> 28 | G21: =IF($A$5>0,F21/$A$5,0) -> 0.31111111 | I21: Currently Overdue | J21: =K5 -> 13
E22: ✅ DONE | F22: =COUNTIFS('Maintenance PSURs'!P2:P200,"✅ DONE",'Maintenance PSURs'!K2:K200,"<>")+COUNTIFS('BSI PSURs'!P2:P50,"✅ DONE",'BSI PSURs'!K2:K50,"<>") -> 11 | G22: =IF($A$5>0,F22/$A$5,0) -> 0.12222222 | I22: Avg Days to Deadline | J22: =IFERROR(ROUND(AVERAGEIF('Maintenance PSURs'!O:O,">0")+AVERAGEIF('BSI PSURs'!O:O,">0"),0)/2,"-") -> 82
E23: ⚪ TBD | F23: =COUNTIFS('Maintenance PSURs'!P2:P200,"⚪ TBD",'Maintenance PSURs'!K2:K200,"<>")+COUNTIFS('BSI PSURs'!P2:P50,"⚪ TBD",'BSI PSURs'!K2:K50,"<>") -> 18 | G23: =IF($A$5>0,F23/$A$5,0) -> 0.2
A24: 📈 STATUS DISTRIBUTION | E24: 📊 WRITER WORKLOAD | I24: ⚡ PRIORITY DISTRIBUTION
A40: ⏱️ Dashboard auto-updates when you change Status, Due Date, or Writer on the 'Maintenance PSURs' and 'BSI PSURs' sheets
A45: Status | B45: Count | D45: Writer | E45: Assigned | F45: Completed | H45: Priority | I45: Count
A46: Completed | B46: =B9 -> 11 | D46: Harish | E46: =F9 -> 16 | F46: =G9 -> 5 | H46: OVERDUE | I46: =F18 -> 10
A47: In Progress | B47: =B10 -> 12 | D47: Jeff | E47: =F10 -> 13 | F47: =G10 -> 2 | H47: URGENT | I47: =F19 -> 12
A48: In Review | B48: =B11 -> 9 | D48: Venkata | E48: =F11 -> 15 | F48: =G11 -> 2 | H48: SOON | I48: =F20 -> 11
A49: Not Started | B49: =B13 -> 54 | D49: Terence | E49: =F12 -> 14 | F49: =G12 -> 2 | H49: ON TRACK | I49: =F21 -> 28
A50: TBD | B50: =B14 -> 2 | H50: DONE | I50: =F22 -> 11
H51: TBD | I51: =F23 -> 18
